timestamp,latitude,longitude,altitude,speed,engine_load,fl_pressure,fl_temp,fr_pressure,fr_temp,rl_pressure,rl_temp,rr_pressure,rr_temp,distance_traveled_m,sum_distance_traveled_m,elevation_traveled_m,tr_fl,tr_fr,tr_rl,tr_rr
2025-11-24 09:55:17+00,-6.96067,107.6956622,687.3,14,50.98039,26.83104,36.0,29.73169,43.0,29.44162,30.0,23.78535,30.0,45.96586691585672,21392.67170980527,1.1999999999999318,3.0119452074027196e-07,1.3252560539022114e-06,9.63822592870584e-07,5.42150191547441e-07
2025-11-24 09:55:22+00,-6.960728,107.6954942,686.4,16,64.70588,26.83104,36.0,29.73169,43.0,29.44162,30.0,23.78535,30.0,19.632619220488774,21412.304329025756,-0.8999999999999773,3.0119452074027196e-07,1.3252560539022114e-06,9.63822592870584e-07,5.42150191547441e-07
2025-11-24 09:55:48+00,-6.960485,107.695459,686.7,28,85.4902,26.83104,36.0,29.73169,43.0,29.44162,30.0,23.78535,30.0,27.298300055164344,21439.60262908092,0.3000000000000682,3.0119452074027196e-07,1.3252560539022114e-06,9.63822592870584e-07,5.42150191547441e-07
2025-11-24 09:55:53+00,-6.9604665,107.69579,687.3,31,45.88235,26.83104,36.0,29.73169,43.0,29.44162,30.0,23.78535,30.0,36.59218210240849,21476.19481118333,0.599999999999909,3.0119452074027196e-07,1.3252560539022114e-06,9.63822592870584e-07,5.42150191547441e-07
2025-11-24 09:55:58+00,-6.960404833,107.6961702,687.1,27,45.88235,26.83104,36.0,29.73169,43.0,29.44162,30.0,23.78535,30.0,42.521329195753964,21518.716140379085,-0.1999999999999318,3.0119452074027196e-07,1.3252560539022114e-06,9.63822592870584e-07,5.42150191547441e-07
2025-11-24 09:56:03+00,-6.960347167,107.6965202,686.9,26,48.23529,26.83104,36.0,29.73169,43.0,29.44162,30.0,23.78535,30.0,39.159999232925756,21557.87613961201,-0.20000000000004547,3.0119452074027196e-07,1.3252560539022114e-06,9.63822592870584e-07,5.42150191547441e-07
2025-11-24 09:56:08+00,-6.960291167,107.6968415,686.5,27,75.68627,26.83104,36.0,29.73169,43.0,29.44162,30.0,23.78535,30.0,36.006213082994115,21593.882352695004,-0.39999999999997726,3.0119452074027196e-07,1.3252560539022114e-06,9.63822592870584e-07,5.42150191547441e-07
2025-11-24 09:56:35+00,-6.959869167,107.6990277,683.4,30,44.70588,26.83104,36.0,29.73169,43.0,29.44162,30.0,23.78535,30.0,245.82343920541757,21839.705791900422,-3.1000000000000227,3.0119452074027196e-07,1.3252560539022114e-06,9.63822592870584e-07,5.42150191547441e-07
2025-11-24 09:56:40+00,-6.959798833,107.6994082,683.7,19,50.19608,26.83104,36.0,29.73169,43.0,29.44162,30.0,23.78535,30.0,42.71994442209809,21882.42573632252,0.3000000000000682,3.0119452074027196e-07,1.3252560539022114e-06,9.63822592870584e-07,5.42150191547441e-07
2025-11-24 09:56:45+00,-6.959750333,107.6996905,684.1,6,65.88235,26.83104,36.0,29.73169,43.0,29.44162,30.0,23.78535,30.0,31.622328926694745,21914.048065249215,0.39999999999997726,3.0119452074027196e-07,1.3252560539022114e-06,9.63822592870584e-07,5.42150191547441e-07
2025-11-24 09:57:11+00,-6.959564667,107.6998562,686.6,6,54.5098,26.83104,36.0,29.73169,43.0,29.44162,30.0,23.78535,30.0,27.58113884390394,21941.62920409312,2.5,3.0119452074027196e-07,1.3252560539022114e-06,9.63822592870584e-07,5.42150191547441e-07
2025-11-24 09:57:16+00,-6.959560167,107.699773,685.8,7,47.84314,26.83104,36.0,29.73169,43.0,29.44162,30.0,23.78535,30.0,9.196887551802655,21950.82609164492,-0.8000000000000682,3.0119452074027196e-07,1.3252560539022114e-06,9.63822592870584e-07,5.42150191547441e-07
2025-11-24 09:57:21+00,-6.959558,107.6996772,687.4,5,50.58823,26.83104,36.0,29.73169,43.0,29.44162,30.0,23.78535,30.0,10.576745462962423,21961.402837107886,1.6000000000000227,3.0119452074027196e-07,1.3252560539022114e-06,9.63822592870584e-07,5.42150191547441e-07
2025-11-24 09:57:26+00,-6.959559167,107.6995995,689.8,5,68.23529,26.83104,36.0,29.73169,43.0,29.44162,30.0,23.78535,30.0,8.57718026991568,21969.980017377802,2.3999999999999773,3.0119452074027196e-07,1.3252560539022114e-06,9.63822592870584e-07,5.42150191547441e-07
2025-11-24 09:57:48+00,-6.959634333,107.699464,0.0,1,58.82353,26.83104,36.0,29.73169,43.0,29.44162,30.0,23.78535,30.0,17.132925526583364,21987.112942904387,-689.8,3.0119452074027196e-07,1.3252560539022114e-06,9.63822592870584e-07,5.42150191547441e-07
2025-11-24 09:57:53+00,-6.959611667,107.699481,690.1,1,58.03922,26.83104,36.0,29.73169,43.0,29.44162,30.0,23.78535,30.0,3.1421306171086885,21990.255073521494,690.1,3.0119452074027196e-07,1.3252560539022114e-06,9.63822592870584e-07,5.42150191547441e-07
2025-11-24 09:58:01+00,-6.9596015,107.6994925,689.3,1,59.21569,26.83104,36.0,29.73169,43.0,29.44162,30.0,23.78535,30.0,1.6997803346995062,21991.954853856194,-0.8000000000000682,3.0119452074027196e-07,1.3252560539022114e-06,9.63822592870584e-07,5.42150191547441e-07
2025-11-24 10:34:00+00,-6.959615833,107.6995172,689.0,5,58.82353,26.83104,36.0,29.73169,43.0,29.44162,30.0,23.78535,30.0,3.157954965709405,21995.112808821905,-0.2999999999999545,3.0119452074027196e-07,1.3252560539022114e-06,9.63822592870584e-07,5.42150191547441e-07
2025-11-24 10:34:05+00,-6.9596135,107.6995655,688.9,6,51.37255,26.83104,36.0,29.73169,43.0,29.44162,30.0,23.78535,30.0,5.337457866310626,22000.450266688214,-0.10000000000002274,3.0119452074027196e-07,1.3252560539022114e-06,9.63822592870584e-07,5.42150191547441e-07
2025-11-24 10:34:07+00,-6.959604167,107.6995992,688.8,7,58.03922,26.83104,36.0,29.73169,43.0,29.44162,30.0,23.78535,30.0,3.8617214165873595,22004.3119881048,-0.10000000000002274,3.0119452074027196e-07,1.3252560539022114e-06,9.63822592870584e-07,5.42150191547441e-07
2025-11-24 10:34:12+00,-6.959591667,107.699692,689.8,8,52.94118,26.83104,36.0,29.73169,43.0,29.44162,30.0,23.78535,30.0,10.336747960417092,22014.648736065217,1.0,3.0119452074027196e-07,1.3252560539022114e-06,9.63822592870584e-07,5.42150191547441e-07
2025-11-24 10:34:17+00,-6.959581333,107.6998007,689.6,11,41.56863,26.83104,36.0,29.73169,43.0,29.44162,30.0,23.78535,30.0,12.052748522198602,22026.701484587415,-0.1999999999999318,3.0119452074027196e-07,1.3252560539022114e-06,9.63822592870584e-07,5.42150191547441e-07
2025-11-24 10:34:22+00,-6.959559167,107.6999425,689.7,7,61.17647,26.83104,36.0,29.73169,43.0,29.44162,30.0,23.78535,30.0,15.844170878089063,22042.545655465503,0.10000000000002274,3.0119452074027196e-07,1.3252560539022114e-06,9.63822592870584e-07,5.42150191547441e-07
2025-11-24 10:34:27+00,-6.959558167,107.700028,690.5,5,69.80392,26.83104,36.0,29.73169,43.0,29.44162,30.0,23.78535,30.0,9.437784806626714,22051.983440272128,0.7999999999999545,3.0119452074027196e-07,1.3252560539022114e-06,9.63822592870584e-07,5.42150191547441e-07
2025-11-24 10:34:32+00,-6.959584667,107.7000823,690.7,7,52.15686,26.83104,36.0,29.73169,43.0,29.44162,30.0,23.78535,30.0,6.678605083897047,22058.662045356024,0.20000000000004547,3.0119452074027196e-07,1.3252560539022114e-06,9.63822592870584e-07,5.42150191547441e-07
2025-11-24 10:34:37+00,-6.959654333,107.7001198,694.3,18,75.68627,26.83104,36.0,29.73169,43.0,29.44162,30.0,23.78535,30.0,8.782971895887844,22067.445017251914,3.599999999999909,3.0119452074027196e-07,1.3252560539022114e-06,9.63822592870584e-07,5.42150191547441e-07
2025-11-24 10:34:42+00,-6.959665333,107.7003028,693.0,26,95.68627,26.83104,36.0,29.73169,43.0,29.44162,30.0,23.78535,31.0,20.23576476698323,22087.680782018895,-1.2999999999999545,3.0119452074027196e-07,1.3252560539022114e-06,9.63822592870584e-07,5.42150191547441e-07
2025-11-24 10:34:47+00,-6.959615167,107.7006215,692.2,35,96.86275,26.83104,36.0,29.73169,43.0,29.44162,30.0,23.78535,31.0,35.61629806647081,22123.297080085365,-0.7999999999999545,3.0119452074027196e-07,1.3252560539022114e-06,9.63822592870584e-07,5.42150191547441e-07
2025-11-24 10:34:52+00,-6.959541,107.7010392,691.4,41,40.78431,26.83104,36.0,29.73169,43.0,29.44162,30.0,23.78535,31.0,46.83576202288178,22170.132842108247,-0.8000000000000682,3.0119452074027196e-07,1.3252560539022114e-06,9.63822592870584e-07,5.42150191547441e-07
2025-11-24 10:34:57+00,-6.9594535,107.7015492,691.1,26,47.84314,26.83104,36.0,29.73169,43.0,29.44162,30.0,23.78535,31.0,57.12631034372017,22227.259152451967,-0.2999999999999545,3.0119452074027196e-07,1.3252560539022114e-06,9.63822592870584e-07,5.42150191547441e-07
2025-11-24 10:35:02+00,-6.959386167,107.7019053,689.8,9,87.05882,26.83104,36.0,29.73169,43.0,29.44162,30.0,23.78535,31.0,40.011576297997344,22267.270728749965,-1.3000000000000682,3.0119452074027196e-07,1.3252560539022114e-06,9.63822592870584e-07,5.42150191547441e-07
2025-11-24 10:35:07+00,-6.959341333,107.702051,689.0,22,54.5098,26.83104,36.0,29.73169,43.0,29.44162,30.0,23.78535,31.0,16.836756889421554,22284.107485639386,-0.7999999999999545,3.0119452074027196e-07,1.3252560539022114e-06,9.63822592870584e-07,5.42150191547441e-07
2025-11-24 10:35:12+00,-6.959145167,107.7022025,688.7,26,89.80392,26.83104,36.0,29.73169,43.0,29.44162,30.0,23.78535,31.0,27.48485033619983,22311.592335975587,-0.2999999999999545,3.0119452074027196e-07,1.3252560539022114e-06,9.63822592870584e-07,5.42150191547441e-07
2025-11-24 10:35:17+00,-6.958846333,107.7021442,687.6,37,90.58823,26.83104,36.0,29.73169,43.0,29.44162,30.0,23.78535,31.0,33.846210815237406,22345.438546790825,-1.1000000000000227,3.0119452074027196e-07,1.3252560539022114e-06,9.63822592870584e-07,5.42150191547441e-07
2025-11-24 10:35:22+00,-6.958436167,107.7019682,687.0,45,74.90196,26.83104,36.0,29.73169,43.0,29.44162,30.0,23.78535,31.0,49.573241215530246,22395.011788006355,-0.6000000000000227,3.0119452074027196e-07,1.3252560539022114e-06,9.63822592870584e-07,5.42150191547441e-07
2025-11-24 10:35:27+00,-6.957933833,107.7017515,686.5,28,46.66667,26.83104,36.0,29.73169,43.0,29.44162,30.0,23.78535,31.0,60.762710499724456,22455.774498506078,-0.5,3.0119452074027196e-07,1.3252560539022114e-06,9.63822592870584e-07,5.42150191547441e-07
2025-11-24 10:35:32+00,-6.957549667,107.7015902,686.6,7,80.39216,26.83104,36.0,29.73169,43.0,29.44162,30.0,23.78535,31.0,46.27898841061772,22502.053486916695,0.10000000000002274,3.0119452074027196e-07,1.3252560539022114e-06,9.63822592870584e-07,5.42150191547441e-07
2025-11-24 10:35:37+00,-6.957448167,107.7015462,686.9,25,82.35294,26.83104,36.0,29.73169,43.0,29.44162,30.0,23.78535,31.0,12.286851409225774,22514.34033832592,0.2999999999999545,3.0119452074027196e-07,1.3252560539022114e-06,9.63822592870584e-07,5.42150191547441e-07
2025-11-24 10:35:42+00,-6.957189667,107.7014312,687.1,32,89.80392,26.83104,36.0,29.73169,43.0,29.44162,30.0,23.78535,31.0,31.421850140484757,22545.762188466404,0.20000000000004547,3.0119452074027196e-07,1.3252560539022114e-06,9.63822592870584e-07,5.42150191547441e-07
2025-11-24 10:35:47+00,-6.956825667,107.7012772,687.3,41,89.41177,26.83104,36.0,29.73169,43.0,29.44162,30.0,23.78535,31.0,43.89939785877343,22589.66158632518,0.1999999999999318,3.0119452074027196e-07,1.3252560539022114e-06,9.63822592870584e-07,5.42150191547441e-07
2025-11-24 10:35:52+00,-6.956371167,107.7010838,686.5,38,39.60784,26.83104,36.0,29.73169,43.0,29.44162,30.0,23.78535,31.0,54.861574773714615,22644.523161098892,-0.7999999999999545,3.0119452074027196e-07,1.3252560539022114e-06,9.63822592870584e-07,5.42150191547441e-07
2025-11-24 10:35:57+00,-6.955914167,107.7008857,685.8,17,50.58823,26.83104,36.0,29.73169,43.0,29.44162,30.0,23.78535,31.0,55.32075413306002,22699.84391523195,-0.7000000000000455,3.0119452074027196e-07,1.3252560539022114e-06,9.63822592870584e-07,5.42150191547441e-07
2025-11-24 10:36:02+00,-6.955670833,107.7007775,685.4,7,79.21568,26.83104,36.0,29.73169,43.0,29.44162,30.0,23.78535,31.0,29.5760052550137,22729.419920486966,-0.39999999999997726,3.0119452074027196e-07,1.3252560539022114e-06,9.63822592870584e-07,5.42150191547441e-07
2025-11-24 10:36:07+00,-6.955580333,107.700737,685.0,21,76.86275,26.83104,36.0,29.73169,43.0,29.44162,30.0,23.78535,31.0,11.011370467724728,22740.43129095469,-0.39999999999997726,3.0119452074027196e-07,1.3252560539022114e-06,9.63822592870584e-07,5.42150191547441e-07
2025-11-24 10:36:12+00,-6.955438,107.7005463,684.3,32,87.84314,26.83104,36.0,29.73169,43.0,29.44162,30.0,23.78535,31.0,26.335132361364604,22766.766423316054,-0.7000000000000455,3.0119452074027196e-07,1.3252560539022114e-06,9.63822592870584e-07,5.42150191547441e-07
2025-11-24 10:36:17+00,-6.9554795,107.7001753,684.1,41,90.58823,26.83104,36.0,29.73169,43.0,29.44162,30.0,23.78535,31.0,41.20896156915877,22807.975384885212,-0.1999999999999318,3.0119452074027196e-07,1.3252560539022114e-06,9.63822592870584e-07,5.42150191547441e-07
2025-11-24 10:36:22+00,-6.95565,107.699715,684.9,46,90.98039,26.83104,36.0,29.73169,43.0,29.44162,30.0,23.78535,31.0,54.22845733580987,22862.20384222102,0.7999999999999545,3.0119452074027196e-07,1.3252560539022114e-06,9.63822592870584e-07,5.42150191547441e-07
2025-11-24 10:36:27+00,-6.9558735,107.6991972,685.2,52,90.19608,26.83104,36.0,29.73169,43.0,29.44162,30.0,23.78535,31.0,62.322527076792184,22924.52636929781,0.3000000000000682,3.0119452074027196e-07,1.3252560539022114e-06,9.63822592870584e-07,5.42150191547441e-07
2025-11-24 10:36:32+00,-6.956119333,107.6986047,686.0,56,40.39216,26.83104,36.0,29.73169,43.0,29.44162,30.0,23.78535,31.0,70.88119055073862,22995.40755984855,0.7999999999999545,3.0119452074027196e-07,1.3252560539022114e-06,9.63822592870584e-07,5.42150191547441e-07
2025-11-24 10:36:37+00,-6.956391333,107.6979638,686.5,44,49.80392,26.83104,36.0,29.73169,43.0,29.44162,30.0,23.78535,31.0,76.93477342650036,23072.34233327505,0.5,3.0119452074027196e-07,1.3252560539022114e-06,9.63822592870584e-07,5.42150191547441e-07
2025-11-24 10:36:42+00,-6.956623,107.6974142,686.8,43,90.58823,26.83104,36.0,29.73169,43.0,29.44162,30.0,23.78535,31.0,65.90584296093884,23138.24817623599,0.2999999999999545,3.0119452074027196e-07,1.3252560539022114e-06,9.63822592870584e-07,5.42150191547441e-07
2025-11-24 10:36:47+00,-6.956779833,107.6969007,686.7,48,48.62745,26.83104,36.0,29.73169,43.0,29.58666,31.0,23.78535,31.0,59.300520352322856,23197.548696588314,-0.09999999999990905,3.0119452074027196e-07,1.3252560539022114e-06,9.63822592870584e-07,5.42150191547441e-07
2025-11-24 10:36:52+00,-6.956834,107.6963197,687.4,32,41.56863,26.83104,36.0,29.73169,43.0,29.58666,31.0,23.78535,31.0,64.41093808116574,23261.959634669478,0.6999999999999318,3.0119452074027196e-07,1.3252560539022114e-06,9.63822592870584e-07,5.42150191547441e-07
2025-11-24 10:36:57+00,-6.956769667,107.6958743,687.2,5,69.80392,26.83104,36.0,29.73169,43.0,29.58666,31.0,23.78535,31.0,49.67939163451621,23311.639026303994,-0.1999999999999318,3.0119452074027196e-07,1.3252560539022114e-06,9.63822592870584e-07,5.42150191547441e-07
2025-11-24 10:37:17+00,-6.956734833,107.6957303,687.1,2,72.54902,26.83104,36.0,29.73169,43.0,29.58666,31.0,23.78535,31.0,16.359365723943675,23327.998392027937,-0.10000000000002274,3.0119452074027196e-07,1.3252560539022114e-06,9.63822592870584e-07,5.42150191547441e-07
2025-11-24 10:37:22+00,-6.956734167,107.6957072,685.8,11,66.66666,26.83104,36.0,29.73169,43.0,29.58666,31.0,23.78535,31.0,2.550771254898183,23330.549163282834,-1.3000000000000682,3.0119452074027196e-07,1.3252560539022114e-06,9.63822592870584e-07,5.42150191547441e-07
2025-11-24 10:37:27+00,-6.956715167,107.695587,685.6,17,61.56863,26.83104,36.0,29.73169,43.0,29.58666,31.0,23.78535,31.0,13.434412574477909,23343.983575857314,-0.1999999999999318,3.0119452074027196e-07,1.3252560539022114e-06,9.63822592870584e-07,5.42150191547441e-07
2025-11-24 10:37:32+00,-6.95663,107.6953982,685.8,24,65.88235,26.83104,36.0,29.73169,43.0,29.58666,31.0,23.78535,31.0,22.889973361505426,23366.87354921882,0.1999999999999318,3.0119452074027196e-07,1.3252560539022114e-06,9.63822592870584e-07,5.42150191547441e-07
2025-11-24 10:37:37+00,-6.956357833,107.6953447,685.2,32,89.01961,26.83104,36.0,29.73169,43.0,29.58666,31.0,23.78535,31.0,30.83436558288002,23397.7079148017,-0.599999999999909,3.0119452074027196e-07,1.3252560539022114e-06,9.63822592870584e-07,5.42150191547441e-07
2025-11-24 10:37:42+00,-6.955985,107.695422,684.1,40,75.29412,26.83104,36.0,29.73169,43.0,29.58666,31.0,23.78535,31.0,42.32606696347601,23440.033981765177,-1.1000000000000227,3.0119452074027196e-07,1.3252560539022114e-06,9.63822592870584e-07,5.42150191547441e-07
2025-11-24 10:37:47+00,-6.9555245,107.6955193,683.1,24,50.98039,26.83104,36.0,29.73169,43.0,29.58666,31.0,23.78535,31.0,52.31946463965527,23492.35344640483,-1.0,3.0119452074027196e-07,1.3252560539022114e-06,9.63822592870584e-07,5.42150191547441e-07
2025-11-24 10:37:52+00,-6.955157667,107.695585,682.8,7,74.11765,26.83104,36.0,29.73169,43.0,29.58666,31.0,23.78535,31.0,41.42962791540467,23533.783074320236,-0.3000000000000682,3.0119452074027196e-07,1.3252560539022114e-06,9.63822592870584e-07,5.42150191547441e-07
2025-11-24 10:37:57+00,-6.955040833,107.695606,682.7,23,81.96078,26.83104,36.0,29.73169,43.0,29.58666,31.0,23.78535,31.0,13.196526580307298,23546.979600900544,-0.09999999999990905,3.0119452074027196e-07,1.3252560539022114e-06,9.63822592870584e-07,5.42150191547441e-07
2025-11-24 10:38:02+00,-6.954784833,107.6956512,683.3,31,83.52941,26.83104,36.0,29.73169,43.0,29.58666,31.0,23.78535,31.0,28.899831144289447,23575.879432044832,0.599999999999909,3.0119452074027196e-07,1.3252560539022114e-06,9.63822592870584e-07,5.42150191547441e-07
2025-11-24 10:38:07+00,-6.954414,107.6956843,683.5,35,48.23529,26.83104,36.0,29.73169,43.0,29.58666,31.0,23.78535,31.0,41.39634106960002,23617.275773114434,0.20000000000004547,3.0119452074027196e-07,1.3252560539022114e-06,9.63822592870584e-07,5.42150191547441e-07
2025-11-24 10:38:12+00,-6.9539775,107.695668,683.7,18,50.98039,26.83104,36.0,29.73169,43.0,29.73169,31.0,23.78535,31.0,48.56998624550566,23665.845759359938,0.20000000000004547,3.0119452074027196e-07,1.3252560539022114e-06,9.63822592870584e-07,5.42150191547441e-07
2025-11-24 10:38:17+00,-6.953694833,107.695624,683.4,7,59.60784,26.83104,36.0,29.73169,43.0,29.73169,31.0,23.78535,31.0,31.80417525029106,23697.64993461023,-0.3000000000000682,3.0119452074027196e-07,1.3252560539022114e-06,9.63822592870584e-07,5.42150191547441e-07
2025-11-24 10:38:22+00,-6.953601667,107.6956012,683.9,7,59.60784,26.83104,36.0,29.73169,43.0,29.73169,31.0,23.78535,31.0,10.66089129679673,23708.310825907025,0.5,3.0119452074027196e-07,1.3252560539022114e-06,9.63822592870584e-07,5.42150191547441e-07
2025-11-24 10:38:27+00,-6.95351,107.6956012,683.4,15,59.60784,26.83104,36.0,29.73169,43.0,29.73169,31.0,23.78535,31.0,10.192919419803554,23718.503745326827,-0.5,3.0119452074027196e-07,1.3252560539022114e-06,9.63822592870584e-07,5.42150191547441e-07
2025-11-24 10:38:32+00,-6.953383833,107.6956958,682.8,22,58.43137,26.83104,36.0,29.73169,43.0,29.73169,31.0,23.78535,31.0,17.488448553133914,23735.99219387996,-0.6000000000000227,3.0119452074027196e-07,1.3252560539022114e-06,9.63822592870584e-07,5.42150191547441e-07
2025-11-24 10:38:37+00,-6.9532815,107.6959382,683.9,26,71.76471,26.83104,36.0,29.73169,43.0,29.73169,31.0,23.78535,31.0,29.074624965080908,23765.06681884504,1.1000000000000227,3.0119452074027196e-07,1.3252560539022114e-06,9.63822592870584e-07,5.42150191547441e-07
2025-11-24 10:38:42+00,-6.953164167,107.6962367,684.4,22,42.7451,26.83104,36.0,29.73169,43.0,29.73169,31.0,23.78535,31.0,35.436786082405945,23800.503604927446,0.5,3.0119452074027196e-07,1.3252560539022114e-06,9.63822592870584e-07,5.42150191547441e-07
2025-11-24 10:38:47+00,-6.953056667,107.6965303,683.0,6,53.33333,26.83104,36.0,29.73169,43.0,29.73169,31.0,23.78535,31.0,34.541056661268,23835.044661588712,-1.3999999999999773,3.0119452074027196e-07,1.3252560539022114e-06,9.63822592870584e-07,5.42150191547441e-07
2025-11-24 10:39:27+00,-6.953003667,107.6966402,680.9,1,55.68628,26.83104,36.0,29.73169,43.0,29.58666,32.0,23.78535,31.0,13.486277877789691,23848.530939466502,-2.1000000000000227,3.0119452074027196e-07,1.3252560539022114e-06,9.63822592870584e-07,5.42150191547441e-07
2025-11-24 10:39:32+00,-6.953002833,107.696647,680.2,6,74.11765,26.83104,36.0,29.73169,43.0,29.58666,32.0,23.78535,31.0,0.7562731992876705,23849.28721266579,-0.6999999999999318,3.0119452074027196e-07,1.3252560539022114e-06,9.63822592870584e-07,5.42150191547441e-07
2025-11-24 10:39:37+00,-6.952978167,107.6967103,681.8,19,82.74509,26.83104,36.0,29.73169,43.0,29.58666,32.0,23.78535,31.0,7.505942510391178,23856.79315517618,1.599999999999909,3.0119452074027196e-07,1.3252560539022114e-06,9.63822592870584e-07,5.42150191547441e-07
2025-11-24 10:39:42+00,-6.9529,107.6968958,682.4,28,52.54902,26.83104,36.0,29.73169,43.0,29.58666,32.0,23.78535,31.0,22.243485409271372,23879.03664058545,0.6000000000000227,3.0119452074027196e-07,1.3252560539022114e-06,9.63822592870584e-07,5.42150191547441e-07
2025-11-24 10:39:47+00,-6.95277,107.6971995,682.6,20,45.4902,26.83104,38.0,29.73169,43.0,29.58666,32.0,23.78535,31.0,36.50555482774531,23915.542195413196,0.20000000000004547,3.0119452074027196e-07,1.3252560539022114e-06,9.63822592870584e-07,5.42150191547441e-07
2025-11-24 10:39:52+00,-6.952652167,107.6974702,682.6,6,81.96078,26.83104,38.0,29.73169,43.0,29.58666,32.0,23.78535,31.0,32.62573308012231,23948.16792849332,0.0,3.0119452074027196e-07,1.3252560539022114e-06,9.63822592870584e-07,5.42150191547441e-07
2025-11-24 10:39:57+00,-6.95261,107.6975582,683.6,16,56.86274,26.83104,38.0,29.73169,43.0,29.58666,32.0,23.78535,31.0,10.785684720787131,23958.953613214107,1.0,3.0119452074027196e-07,1.3252560539022114e-06,9.63822592870584e-07,5.42150191547441e-07
2025-11-24 10:40:02+00,-6.952608667,107.6977223,683.2,25,82.35294,26.83104,38.0,29.73169,43.0,29.58666,32.0,23.78535,31.0,18.113541050722585,23977.06715426483,-0.39999999999997726,3.0119452074027196e-07,1.3252560539022114e-06,9.63822592870584e-07,5.42150191547441e-07
2025-11-24 10:40:07+00,-6.952808833,107.6979005,683.6,35,66.66666,26.83104,38.0,29.73169,43.0,29.58666,32.0,23.78535,31.0,29.703108321474314,24006.770262586306,0.39999999999997726,3.0119452074027196e-07,1.3252560539022114e-06,9.63822592870584e-07,5.42150191547441e-07
2025-11-24 10:40:12+00,-6.9530845,107.6982012,683.7,31,56.07843,26.83104,38.0,29.73169,43.0,29.73169,32.0,23.78535,31.0,45.17966434659333,24051.9499269329,0.10000000000002274,3.0119452074027196e-07,1.3252560539022114e-06,9.63822592870584e-07,5.42150191547441e-07
2025-11-24 10:40:17+00,-6.953245667,107.698573,684.3,11,56.07843,26.83104,38.0,29.73169,43.0,29.73169,32.0,23.78535,31.0,44.78059336732837,24096.73052030023,0.599999999999909,3.0119452074027196e-07,1.3252560539022114e-06,9.63822592870584e-07,5.42150191547441e-07
2025-11-24 10:40:22+00,-6.953323833,107.6987942,684.9,18,79.60784,26.83104,38.0,29.73169,43.0,29.73169,32.0,23.78535,31.0,25.916392773489935,24122.64691307372,0.6000000000000227,3.0119452074027196e-07,1.3252560539022114e-06,9.63822592870584e-07,5.42150191547441e-07
2025-11-24 10:40:27+00,-6.9533885,107.6989645,685.3,31,90.58823,26.83104,38.0,29.73169,43.0,29.73169,32.0,23.78535,31.0,20.125652500013345,24142.772565573734,0.39999999999997726,3.0119452074027196e-07,1.3252560539022114e-06,9.63822592870584e-07,5.42150191547441e-07
2025-11-24 10:40:32+00,-6.9535075,107.6993038,686.3,40,64.31373,26.83104,38.0,29.73169,43.0,29.73169,32.0,23.78535,31.0,39.71987260184333,24182.492438175577,1.0,3.0119452074027196e-07,1.3252560539022114e-06,9.63822592870584e-07,5.42150191547441e-07
2025-11-24 10:40:37+00,-6.953697333,107.6997477,686.1,42,55.29412,26.83104,38.0,29.73169,43.0,29.73169,32.0,23.78535,31.0,53.34996760517701,24235.842405780753,-0.1999999999999318,3.0119452074027196e-07,1.3252560539022114e-06,9.63822592870584e-07,5.42150191547441e-07
2025-11-24 10:40:42+00,-6.9540575,107.7000903,684.7,39,38.03922,26.83104,38.0,29.73169,43.0,29.73169,32.0,23.78535,31.0,55.0808111469089,24290.923216927662,-1.3999999999999773,3.0119452074027196e-07,1.3252560539022114e-06,9.63822592870584e-07,5.42150191547441e-07
2025-11-24 10:40:47+00,-6.954508333,107.7003037,683.6,32,41.96078,26.83104,38.0,29.73169,43.0,29.73169,32.0,23.78535,31.0,55.38836190648515,24346.311578834146,-1.1000000000000227,3.0119452074027196e-07,1.3252560539022114e-06,9.63822592870584e-07,5.42150191547441e-07
2025-11-24 10:40:52+00,-6.954869,107.7005275,683.5,25,60.78431,26.83104,38.0,29.73169,43.0,29.73169,32.0,23.78535,31.0,47.101688191130506,24393.413267025277,-0.10000000000002274,3.0119452074027196e-07,1.3252560539022114e-06,9.63822592870584e-07,5.42150191547441e-07
2025-11-24 10:40:57+00,-6.955099,107.7007823,683.7,24,76.86275,26.83104,38.0,29.73169,43.0,29.73169,32.0,23.78535,31.0,38.013611305979,24431.426878331255,0.20000000000004547,3.0119452074027196e-07,1.3252560539022114e-06,9.63822592870584e-07,5.42150191547441e-07
2025-11-24 10:41:02+00,-6.955398833,107.7007982,683.0,33,86.27451,26.83104,38.0,29.73169,43.0,29.73169,32.0,23.78535,31.0,33.38611327058893,24464.812991601844,-0.7000000000000455,3.0119452074027196e-07,1.3252560539022114e-06,9.63822592870584e-07,5.42150191547441e-07
2025-11-24 10:41:07+00,-6.955776333,107.7008953,683.6,42,87.05882,26.83104,38.0,29.73169,43.0,29.73169,32.0,23.78535,31.0,43.32277777255098,24508.135769374396,0.6000000000000227,3.0119452074027196e-07,1.3252560539022114e-06,9.63822592870584e-07,5.42150191547441e-07
2025-11-24 10:41:12+00,-6.9562385,107.701095,683.5,44,50.98039,26.83104,38.0,29.73169,43.0,29.73169,32.0,23.78535,31.0,55.91835816325306,24564.05412753765,-0.10000000000002274,3.0119452074027196e-07,1.3252560539022114e-06,9.63822592870584e-07,5.42150191547441e-07
2025-11-24 10:41:17+00,-6.956746333,107.701313,683.0,20,49.80392,26.83104,38.0,29.73169,43.0,29.73169,32.0,23.78535,31.0,61.38141933818547,24625.435546875833,-0.5,3.0119452074027196e-07,1.3252560539022114e-06,9.63822592870584e-07,5.42150191547441e-07
2025-11-24 10:41:22+00,-6.957072,107.7014547,682.2,23,81.56863,26.83104,38.0,29.73169,43.0,29.73169,32.0,23.78535,31.0,39.445788661287345,24664.88133553712,-0.7999999999999545,3.0119452074027196e-07,1.3252560539022114e-06,9.63822592870584e-07,5.42150191547441e-07
2025-11-24 10:41:27+00,-6.957311667,107.7015555,682.8,34,82.74509,26.83104,38.0,29.73169,43.0,29.73169,32.0,23.78535,31.0,28.879020304765927,24693.760355841885,0.599999999999909,3.0119452074027196e-07,1.3252560539022114e-06,9.63822592870584e-07,5.42150191547441e-07
2025-11-24 10:41:32+00,-6.957678333,107.7017122,683.0,42,88.62745,26.83104,38.0,29.73169,43.0,29.73169,32.0,23.78535,31.0,44.28839418837614,24738.048750030262,0.20000000000004547,3.0119452074027196e-07,1.3252560539022114e-06,9.63822592870584e-07,5.42150191547441e-07
2025-11-24 10:41:37+00,-6.958141333,107.7019062,683.4,43,40.39216,26.83104,38.0,29.73169,43.0,29.73169,32.0,23.78535,31.0,55.758838552146514,24793.807588582407,0.39999999999997726,3.0119452074027196e-07,1.3252560539022114e-06,9.63822592870584e-07,5.42150191547441e-07
2025-11-24 10:41:42+00,-6.958637333,107.7021142,683.6,22,49.41177,26.83104,38.0,29.73169,43.0,29.73169,32.0,23.78535,31.0,59.740328203981704,24853.54791678639,0.20000000000004547,3.0119452074027196e-07,1.3252560539022114e-06,9.63822592870584e-07,5.42150191547441e-07
2025-11-24 10:41:47+00,-6.9589685,107.7022587,683.0,18,51.76471,26.83104,38.0,29.73169,43.0,29.73169,32.0,23.78535,31.0,40.12976945250679,24893.677686238894,-0.6000000000000227,3.0119452074027196e-07,1.3252560539022114e-06,9.63822592870584e-07,5.42150191547441e-07
2025-11-24 10:41:52+00,-6.959165167,107.702343,682.8,22,83.92157,26.83104,38.0,29.73169,43.0,29.73169,32.0,23.78535,31.0,23.7656111194004,24917.443297358295,-0.20000000000004547,3.0119452074027196e-07,1.3252560539022114e-06,9.63822592870584e-07,5.42150191547441e-07
2025-11-24 10:41:57+00,-6.959404833,107.7024298,683.0,30,76.47059,26.83104,38.0,29.73169,43.0,29.73169,32.0,23.78535,31.0,28.319495099893654,24945.76279245819,0.20000000000004547,3.0119452074027196e-07,1.3252560539022114e-06,9.63822592870584e-07,5.42150191547441e-07
2025-11-24 10:42:02+00,-6.959751833,107.7024918,682.9,34,74.90196,26.83104,38.0,29.73169,43.0,29.73169,32.0,23.78535,31.0,39.1868505447929,24984.949643002983,-0.10000000000002274,3.0119452074027196e-07,1.3252560539022114e-06,9.63822592870584e-07,5.42150191547441e-07
2025-11-24 10:42:07+00,-6.960145833,107.7026147,682.3,35,41.96078,26.83104,38.0,29.73169,43.0,29.73169,32.0,23.78535,31.0,45.862899061269225,25030.812542064254,-0.6000000000000227,3.0119452074027196e-07,1.3252560539022114e-06,9.63822592870584e-07,5.42150191547441e-07
2025-11-24 10:42:12+00,-6.960565167,107.7027517,681.2,21,49.41177,26.83104,38.0,29.73169,43.0,29.73169,32.0,23.78535,31.0,49.01854189608354,25079.831083960336,-1.099999999999909,3.0119452074027196e-07,1.3252560539022114e-06,9.63822592870584e-07,5.42150191547441e-07
2025-11-24 10:42:17+00,-6.960863667,107.7028607,681.0,12,76.86275,26.83104,38.0,29.73169,43.0,29.73169,32.0,23.78535,31.0,35.30487699522254,25115.13596095556,-0.20000000000004547,3.0119452074027196e-07,1.3252560539022114e-06,9.63822592870584e-07,5.42150191547441e-07
2025-11-24 10:42:22+00,-6.960988167,107.7029135,681.1,26,78.82353,26.83104,38.0,29.73169,43.0,29.73169,32.0,23.78535,31.0,15.020452422467065,25130.156413378027,0.10000000000002274,3.0119452074027196e-07,1.3252560539022114e-06,9.63822592870584e-07,5.42150191547441e-07
2025-11-24 10:42:27+00,-6.9612335,107.7030488,679.7,26,39.60784,26.83104,38.0,29.73169,43.0,29.73169,32.0,23.78535,31.0,31.099950815349175,25161.256364193378,-1.3999999999999773,3.0119452074027196e-07,1.3252560539022114e-06,9.63822592870584e-07,5.42150191547441e-07
2025-11-24 10:42:32+00,-6.961490833,107.7032635,680.2,6,51.37255,26.83104,38.0,29.73169,43.0,29.73169,32.0,23.78535,31.0,37.153009872372536,25198.40937406575,0.5,3.0119452074027196e-07,1.3252560539022114e-06,9.63822592870584e-07,5.42150191547441e-07
2025-11-24 10:42:37+00,-6.9615745,107.703361,680.3,1,69.80392,26.83104,38.0,29.73169,43.0,29.73169,32.0,23.78535,31.0,14.22548375417729,25212.63485781993,0.09999999999990905,3.0119452074027196e-07,1.3252560539022114e-06,9.63822592870584e-07,5.42150191547441e-07
2025-11-24 10:42:42+00,-6.961585333,107.7033772,680.7,2,54.5098,26.83104,38.0,29.73169,43.0,29.73169,32.0,23.78535,31.0,2.155976414967493,25214.790834234896,0.40000000000009095,3.0119452074027196e-07,1.3252560539022114e-06,9.63822592870584e-07,5.42150191547441e-07
2025-11-24 10:42:47+00,-6.961600333,107.703395,680.1,13,50.98039,26.83104,38.0,29.73169,43.0,29.73169,32.0,23.78535,31.0,2.577197551370341,25217.368031786267,-0.6000000000000227,3.0119452074027196e-07,1.3252560539022114e-06,9.63822592870584e-07,5.42150191547441e-07
2025-11-24 10:42:52+00,-6.961681667,107.703499,680.0,17,47.84314,26.83104,38.0,29.73169,43.0,29.73169,32.0,23.78535,31.0,14.613726832549796,25231.98175861882,-0.10000000000002274,3.0119452074027196e-07,1.3252560539022114e-06,9.63822592870584e-07,5.42150191547441e-07
2025-11-24 10:42:57+00,-6.961793833,107.703678,680.1,15,73.72549,26.83104,38.0,29.73169,43.0,29.73169,32.0,23.78535,31.0,23.364596655278415,25255.346355274098,0.10000000000002274,3.0119452074027196e-07,1.3252560539022114e-06,9.63822592870584e-07,5.42150191547441e-07
2025-11-24 10:43:02+00,-6.961855167,107.7038692,681.2,13,43.92157,26.83104,38.0,29.73169,43.0,29.73169,32.0,23.78535,31.0,22.17839336684349,25277.524748640943,1.1000000000000227,3.0119452074027196e-07,1.3252560539022114e-06,9.63822592870584e-07,5.42150191547441e-07
2025-11-24 10:43:07+00,-6.961874,107.7040658,680.6,10,49.80392,26.83104,38.0,29.73169,43.0,29.73169,32.0,23.78535,31.0,21.800586167107078,25299.32533480805,-0.6000000000000227,3.0119452074027196e-07,1.3252560539022114e-06,9.63822592870584e-07,5.42150191547441e-07
2025-11-24 10:43:12+00,-6.961884167,107.704217,680.7,9,42.35294,26.83104,38.0,29.73169,43.0,29.73169,32.0,23.78535,31.0,16.72698414790729,25316.052318955957,0.10000000000002274,3.0119452074027196e-07,1.3252560539022114e-06,9.63822592870584e-07,5.42150191547441e-07
2025-11-24 10:43:17+00,-6.9618945,107.7043472,680.8,9,51.37255,26.83104,38.0,29.73169,43.0,29.73169,32.0,23.78535,31.0,14.41671443247248,25330.46903338843,0.09999999999990905,3.0119452074027196e-07,1.3252560539022114e-06,9.63822592870584e-07,5.42150191547441e-07
2025-11-24 10:43:22+00,-6.961903833,107.7044822,680.4,3,50.98039,26.83104,38.0,29.73169,43.0,29.73169,32.0,23.78535,31.0,14.936752312902279,25345.405785701332,-0.39999999999997726,3.0119452074027196e-07,1.3252560539022114e-06,9.63822592870584e-07,5.42150191547441e-07
2025-11-24 10:43:27+00,-6.961915833,107.7045478,680.3,3,52.94118,26.83104,38.0,29.73169,43.0,29.73169,32.0,23.78535,31.0,7.362538688263999,25352.768324389595,-0.10000000000002274,3.0119452074027196e-07,1.3252560539022114e-06,9.63822592870584e-07,5.42150191547441e-07
2025-11-24 10:43:32+00,-6.961927,107.7045917,681.2,4,52.54902,26.83104,38.0,29.73169,43.0,29.73169,32.0,23.78535,31.0,5.002045809421916,25357.770370199018,0.900000000000091,3.0119452074027196e-07,1.3252560539022114e-06,9.63822592870584e-07,5.42150191547441e-07
2025-11-24 10:43:37+00,-6.961941667,107.7046483,682.1,5,68.23529,26.83104,38.0,29.73169,43.0,29.73169,32.0,23.78535,31.0,6.4566098145586555,25364.226980013576,0.8999999999999773,3.0119452074027196e-07,1.3252560539022114e-06,9.63822592870584e-07,5.42150191547441e-07
2025-11-24 10:43:42+00,-6.961967,107.7047068,683.2,6,52.15686,26.83104,38.0,29.73169,43.0,29.73169,32.0,23.78535,31.0,7.044654988924046,25371.2716350025,1.1000000000000227,3.0119452074027196e-07,1.3252560539022114e-06,9.63822592870584e-07,5.42150191547441e-07
2025-11-24 10:43:47+00,-6.962001667,107.7047747,683.6,4,50.58823,26.83104,38.0,29.73169,43.0,29.73169,32.0,23.78535,31.0,8.42773218494168,25379.69936718744,0.39999999999997726,3.0119452074027196e-07,1.3252560539022114e-06,9.63822592870584e-07,5.42150191547441e-07
2025-11-24 10:43:52+00,-6.962037167,107.704836,683.5,5,65.09804,26.83104,38.0,29.73169,43.0,29.73169,32.0,23.78535,31.0,7.833321517935496,25387.532688705378,-0.10000000000002274,3.0119452074027196e-07,1.3252560539022114e-06,9.63822592870584e-07,5.42150191547441e-07
2025-11-24 10:43:57+00,-6.962082,107.7049042,683.9,6,62.7451,26.83104,38.0,29.73169,43.0,29.73169,32.0,23.78535,31.0,9.02867088751058,25396.561359592888,0.39999999999997726,3.0119452074027196e-07,1.3252560539022114e-06,9.63822592870584e-07,5.42150191547441e-07
2025-11-24 10:44:02+00,-6.9621265,107.7049712,683.2,3,54.11765,26.83104,38.0,29.73169,43.0,29.73169,32.0,23.78535,31.0,8.897896137941538,25405.459255730828,-0.6999999999999318,3.0119452074027196e-07,1.3252560539022114e-06,9.63822592870584e-07,5.42150191547441e-07
2025-11-24 10:44:07+00,-6.962155,107.7050152,683.4,6,52.94118,26.83104,38.0,29.73169,43.0,29.73169,32.0,23.78535,31.0,5.7990179121057315,25411.258273642932,0.1999999999999318,3.0119452074027196e-07,1.3252560539022114e-06,9.63822592870584e-07,5.42150191547441e-07
2025-11-24 10:44:12+00,-6.962205667,107.7050513,682.5,7,71.76471,26.83104,38.0,29.73169,43.0,29.73169,32.0,23.78535,31.0,6.9005547046451525,25418.158828347576,-0.8999999999999773,3.0119452074027196e-07,1.3252560539022114e-06,9.63822592870584e-07,5.42150191547441e-07
2025-11-24 10:44:17+00,-6.962273167,107.7050467,684.0,11,43.92157,26.83104,38.0,29.73169,43.0,29.73169,32.0,23.78535,31.0,7.522821031070515,25425.681649378646,1.5,3.0119452074027196e-07,1.3252560539022114e-06,9.63822592870584e-07,5.42150191547441e-07
2025-11-24 10:44:22+00,-6.962389833,107.7050202,687.9,7,50.19608,26.83104,38.0,29.73169,43.0,29.73169,30.0,23.78535,31.0,13.298339831543297,25438.97998921019,3.8999999999999773,3.0119452074027196e-07,1.3252560539022114e-06,9.63822592870584e-07,5.42150191547441e-07
2025-11-24 10:44:28+00,-6.962493833,107.7050172,686.8,17,69.80392,26.83104,38.0,29.73169,43.0,29.73169,30.0,23.78535,31.0,11.5690280011278,25450.54901721132,-1.1000000000000227,3.0119452074027196e-07,1.3252560539022114e-06,9.63822592870584e-07,5.42150191547441e-07
2025-11-24 10:44:32+00,-6.962644833,107.705006,686.2,20,58.03922,26.83104,38.0,29.73169,43.0,29.73169,30.0,23.78535,31.0,16.835903383772404,25467.384920595094,-0.599999999999909,3.0119452074027196e-07,1.3252560539022114e-06,9.63822592870584e-07,5.42150191547441e-07
2025-11-24 10:44:38+00,-6.962918167,107.7049838,686.4,5,54.5098,26.83104,38.0,29.73169,43.0,29.73169,30.0,23.78535,31.0,30.492009113753117,25497.876929708847,0.1999999999999318,3.0119452074027196e-07,1.3252560539022114e-06,9.63822592870584e-07,5.42150191547441e-07
2025-11-24 10:44:43+00,-6.962986833,107.704979,685.5,17,67.45098,26.83104,38.0,29.73169,43.0,29.73169,30.0,23.78535,31.0,7.653680196184127,25505.530609905032,-0.8999999999999773,3.0119452074027196e-07,1.3252560539022114e-06,9.63822592870584e-07,5.42150191547441e-07
2025-11-24 10:44:48+00,-6.963175167,107.7049527,684.7,26,71.76471,26.83104,38.0,29.73169,43.0,29.73169,30.0,23.78535,31.0,21.14204786573628,25526.672657770767,-0.7999999999999545,3.0119452074027196e-07,1.3252560539022114e-06,9.63822592870584e-07,5.42150191547441e-07
2025-11-24 10:44:53+00,-6.963492333,107.7049112,685.0,24,53.33333,26.83104,38.0,29.73169,43.0,29.73169,30.0,23.78535,31.0,35.56351894957799,25562.236176720344,0.2999999999999545,3.0119452074027196e-07,1.3252560539022114e-06,9.63822592870584e-07,5.42150191547441e-07
2025-11-24 10:44:58+00,-6.963783167,107.7048798,684.9,11,52.15686,26.83104,38.0,29.73169,43.0,29.73169,30.0,23.78535,31.0,32.524491197761876,25594.760667918104,-0.10000000000002274,3.0119452074027196e-07,1.3252560539022114e-06,9.63822592870584e-07,5.42150191547441e-07
2025-11-24 10:45:03+00,-6.9639085,107.7048782,682.0,12,63.52941,26.83104,38.0,29.73169,43.0,29.73169,30.0,23.78535,31.0,13.937531864969843,25608.698199783074,-2.8999999999999773,3.0119452074027196e-07,1.3252560539022114e-06,9.63822592870584e-07,5.42150191547441e-07
2025-11-24 10:45:08+00,-6.9640635,107.7048572,681.4,17,40.78431,26.83104,38.0,29.73169,43.0,29.73169,30.0,23.78535,31.0,17.390397613960946,25626.088597397036,-0.6000000000000227,3.0119452074027196e-07,1.3252560539022114e-06,9.63822592870584e-07,5.42150191547441e-07
2025-11-24 10:45:13+00,-6.964264833,107.704838,681.1,6,63.92157,26.83104,38.0,29.73169,43.0,29.73169,30.0,23.78535,31.0,22.487317725574062,25648.575915122612,-0.2999999999999545,3.0119452074027196e-07,1.3252560539022114e-06,9.63822592870584e-07,5.42150191547441e-07
2025-11-24 10:45:18+00,-6.964348,107.70483,678.8,12,61.17647,26.83104,38.0,29.73169,43.0,29.73169,30.0,23.78535,31.0,9.289820893968407,25657.86573601658,-2.300000000000068,3.0119452074027196e-07,1.3252560539022114e-06,9.63822592870584e-07,5.42150191547441e-07
2025-11-24 10:45:23+00,-6.964488,107.7048345,676.0,22,58.82353,26.83104,38.0,29.73169,43.0,29.73169,30.0,23.78535,31.0,15.575232771729091,25673.44096878831,-2.7999999999999545,3.0119452074027196e-07,1.3252560539022114e-06,9.63822592870584e-07,5.42150191547441e-07
2025-11-24 10:45:28+00,-6.964762167,107.7048542,673.8,27,44.70588,26.83104,38.0,29.73169,43.0,29.73169,30.0,23.78535,31.0,30.563465722491905,25704.0044345108,-2.2000000000000455,3.0119452074027196e-07,1.3252560539022114e-06,9.63822592870584e-07,5.42150191547441e-07
2025-11-24 10:45:33+00,-6.965100333,107.7048682,670.9,22,75.29412,26.83104,38.0,29.73169,43.0,29.73169,30.0,23.78535,31.0,37.63413243871837,25741.638566949518,-2.8999999999999773,3.0119452074027196e-07,1.3252560539022114e-06,9.63822592870584e-07,5.42150191547441e-07
2025-11-24 10:45:38+00,-6.965401667,107.7049275,673.2,29,74.5098,26.83104,38.0,29.73169,43.0,29.73169,30.0,23.78535,31.0,34.14014145383392,25775.77870840335,2.300000000000068,3.0119452074027196e-07,1.3252560539022114e-06,9.63822592870584e-07,5.42150191547441e-07
2025-11-24 10:45:43+00,-6.965733333,107.70508,674.4,36,70.19608,26.83104,38.0,29.73169,43.0,29.73169,30.0,23.78535,31.0,40.53919386633838,25816.31790226969,1.1999999999999318,3.0119452074027196e-07,1.3252560539022114e-06,9.63822592870584e-07,5.42150191547441e-07
2025-11-24 10:45:48+00,-6.9660305,107.705383,677.4,33,45.4902,26.83104,38.0,29.73169,43.0,29.73169,30.0,23.78535,31.0,47.01420306962498,25863.332105339316,3.0,3.0119452074027196e-07,1.3252560539022114e-06,9.63822592870584e-07,5.42150191547441e-07
2025-11-24 10:45:53+00,-6.9662495,107.7057497,679.1,20,63.92157,26.83104,38.0,29.73169,43.0,29.73169,30.0,23.78535,31.0,47.235261586583526,25910.567366925898,1.7000000000000455,3.0119452074027196e-07,1.3252560539022114e-06,9.63822592870584e-07,5.42150191547441e-07
2025-11-24 10:45:58+00,-6.9663855,107.7060093,679.6,12,65.88235,26.83104,38.0,29.73169,43.0,29.73169,30.0,23.78535,31.0,32.39897299018872,25942.966339916085,0.5,3.0119452074027196e-07,1.3252560539022114e-06,9.63822592870584e-07,5.42150191547441e-07
2025-11-24 10:46:03+00,-6.966506,107.705993,680.6,24,92.54902,26.83104,38.0,29.73169,43.0,29.73169,30.0,23.78535,31.0,13.519251087471382,25956.48559100356,1.0,3.0119452074027196e-07,1.3252560539022114e-06,9.63822592870584e-07,5.42150191547441e-07
2025-11-24 10:46:08+00,-6.966600167,107.7057187,681.7,37,54.5098,26.83104,38.0,29.73169,43.0,29.73169,30.0,23.78535,31.0,32.03519121226702,25988.520782215826,1.1000000000000227,3.0119452074027196e-07,1.3252560539022114e-06,9.63822592870584e-07,5.42150191547441e-07
2025-11-24 10:46:13+00,-6.966746333,107.7053173,683.2,38,60.39216,26.83104,38.0,29.73169,43.0,29.73169,30.0,23.78535,31.0,47.191285560634334,26035.71206777646,1.5,3.0119452074027196e-07,1.3252560539022114e-06,9.63822592870584e-07,5.42150191547441e-07
2025-11-24 10:46:18+00,-6.966894167,107.7048967,684.3,15,54.90196,26.83104,38.0,29.73169,43.0,29.73169,30.0,23.78535,31.0,49.24781897075608,26084.959886747216,1.099999999999909,3.0119452074027196e-07,1.3252560539022114e-06,9.63822592870584e-07,5.42150191547441e-07
2025-11-24 10:46:23+00,-6.966979667,107.7046805,685.3,13,52.94118,26.83104,38.0,29.73169,43.0,29.73169,30.0,23.78535,31.0,25.687020271796374,26110.64690701901,1.0,3.0119452074027196e-07,1.3252560539022114e-06,9.63822592870584e-07,5.42150191547441e-07
2025-11-24 10:46:28+00,-6.9670555,107.7044803,685.3,31,90.19608,26.83104,38.0,29.73169,43.0,29.73169,30.0,23.78535,31.0,23.651112121119123,26134.29801914013,0.0,3.0119452074027196e-07,1.3252560539022114e-06,9.63822592870584e-07,5.42150191547441e-07
2025-11-24 10:46:33+00,-6.967199667,107.7041483,684.6,43,90.58823,26.83104,38.0,29.73169,43.0,29.73169,30.0,23.78535,31.0,39.99721591554556,26174.295235055673,-0.6999999999999318,3.0119452074027196e-07,1.3252560539022114e-06,9.63822592870584e-07,5.42150191547441e-07
2025-11-24 10:46:38+00,-6.967398667,107.7036595,684.6,50,90.19608,26.83104,38.0,29.73169,43.0,29.73169,30.0,23.78535,31.0,58.312337072036875,26232.607572127712,0.0,3.0119452074027196e-07,1.3252560539022114e-06,9.63822592870584e-07,5.42150191547441e-07
2025-11-24 10:46:43+00,-6.967612167,107.703085,684.5,54,39.60784,26.83104,38.0,29.73169,43.0,29.73169,30.0,23.78535,31.0,67.70819269052498,26300.31576481824,-0.10000000000002274,3.0119452074027196e-07,1.3252560539022114e-06,9.63822592870584e-07,5.42150191547441e-07
2025-11-24 10:46:48+00,-6.967815333,107.7024468,684.5,52,51.37255,26.83104,38.0,29.73169,43.0,29.73169,30.0,23.78535,31.0,73.97455258485279,26374.29031740309,0.0,3.0119452074027196e-07,1.3252560539022114e-06,9.63822592870584e-07,5.42150191547441e-07
2025-11-24 10:46:53+00,-6.968001333,107.7018242,684.2,48,46.66667,26.83104,38.0,29.73169,43.0,29.73169,30.0,23.78535,31.0,71.76365609256764,26446.05397349566,-0.2999999999999545,3.0119452074027196e-07,1.3252560539022114e-06,9.63822592870584e-07,5.42150191547441e-07
2025-11-24 10:46:58+00,-6.968154833,107.7012328,683.2,43,37.2549,26.83104,38.0,29.73169,43.0,29.73169,30.0,23.78535,31.0,67.46973068046896,26513.52370417613,-1.0,3.0119452074027196e-07,1.3252560539022114e-06,9.63822592870584e-07,5.42150191547441e-07
2025-11-24 10:47:03+00,-6.968292833,107.7007188,681.9,27,63.92157,26.83104,38.0,29.73169,43.0,29.73169,30.0,23.78535,31.0,58.77072807905386,26572.29443225518,-1.3000000000000682,3.0119452074027196e-07,1.3252560539022114e-06,9.63822592870584e-07,5.42150191547441e-07
2025-11-24 10:47:08+00,-6.968410833,107.7003843,682.6,35,74.5098,26.83104,38.0,29.73169,43.0,29.73169,30.0,23.78535,31.0,39.18224312973511,26611.476675384918,0.7000000000000455,3.0119452074027196e-07,1.3252560539022114e-06,9.63822592870584e-07,5.42150191547441e-07
2025-11-24 10:47:13+00,-6.968558333,107.6999775,682.7,41,78.43137,26.83104,38.0,29.73169,43.0,29.73169,30.0,23.78535,31.0,47.801811606038385,26659.278486990956,0.10000000000002274,3.0119452074027196e-07,1.3252560539022114e-06,9.63822592870584e-07,5.42150191547441e-07
2025-11-24 10:47:18+00,-6.968677833,107.6994765,681.9,45,76.86275,26.83104,38.0,29.73169,43.0,29.73169,30.0,23.78535,31.0,56.87131428173369,26716.149801272688,-0.8000000000000682,3.0119452074027196e-07,1.3252560539022114e-06,9.63822592870584e-07,5.42150191547441e-07
2025-11-24 10:47:23+00,-6.968802667,107.6989282,683.2,48,65.09804,26.83104,38.0,29.73169,43.0,29.73169,30.0,23.78535,31.0,62.08938229424423,26778.239183566933,1.3000000000000682,3.0119452074027196e-07,1.3252560539022114e-06,9.63822592870584e-07,5.42150191547441e-07
2025-11-24 10:47:28+00,-6.968936333,107.698348,683.2,40,36.86274,26.83104,38.0,29.73169,43.0,29.73169,30.0,23.78535,31.0,65.74094319050259,26843.980126757437,0.0,3.0119452074027196e-07,1.3252560539022114e-06,9.63822592870584e-07,5.42150191547441e-07
2025-11-24 10:47:33+00,-6.969062,107.6978425,683.8,15,50.58823,26.83104,38.0,29.73169,43.0,29.73169,30.0,23.78535,31.0,57.5170619567156,26901.49718871415,0.599999999999909,3.0119452074027196e-07,1.3252560539022114e-06,9.63822592870584e-07,5.42150191547441e-07
2025-11-24 10:47:38+00,-6.969099333,107.6976195,683.3,10,85.4902,26.83104,38.0,29.73169,43.0,29.73169,30.0,23.78535,31.0,24.960917737740232,26926.45810645189,-0.5,3.0119452074027196e-07,1.3252560539022114e-06,9.63822592870584e-07,5.42150191547441e-07
2025-11-24 10:47:43+00,-6.969119,107.6975007,683.0,28,85.09804,26.83104,38.0,29.73169,43.0,29.73169,30.0,23.78535,31.0,13.29348833920131,26939.75159479109,-0.2999999999999545,3.0119452074027196e-07,1.3252560539022114e-06,9.63822592870584e-07,5.42150191547441e-07
2025-11-24 10:47:48+00,-6.969169333,107.6971725,683.0,39,86.27451,26.83104,38.0,29.73169,43.0,29.73169,30.0,23.78535,31.0,36.6544007299324,26976.40599552102,0.0,3.0119452074027196e-07,1.3252560539022114e-06,9.63822592870584e-07,5.42150191547441e-07
2025-11-24 10:47:53+00,-6.9692245,107.6967045,681.5,45,87.45098,26.83104,38.0,29.73169,43.0,29.73169,30.0,23.78535,31.0,52.01777263064737,27028.423768151668,-1.5,3.0119452074027196e-07,1.3252560539022114e-06,9.63822592870584e-07,5.42150191547441e-07
2025-11-24 10:47:58+00,-6.969272833,107.6961417,681.4,50,87.45098,26.83104,38.0,29.73169,43.0,29.73169,30.0,23.78535,31.0,62.35026874686496,27090.774036898532,-0.10000000000002274,3.0119452074027196e-07,1.3252560539022114e-06,9.63822592870584e-07,5.42150191547441e-07
2025-11-24 10:48:03+00,-6.969320667,107.6955122,681.1,55,61.56863,26.83104,38.0,29.73169,43.0,29.73169,30.0,23.78535,31.0,69.6834064847578,27160.45744338329,-0.2999999999999545,3.0119452074027196e-07,1.3252560539022114e-06,9.63822592870584e-07,5.42150191547441e-07
2025-11-24 10:48:08+00,-6.969351333,107.6948295,680.6,49,36.07843,26.83104,38.0,29.73169,43.0,29.73169,30.0,23.78535,31.0,75.42909359437094,27235.88653697766,-0.5,3.0119452074027196e-07,1.3252560539022114e-06,9.63822592870584e-07,5.42150191547441e-07
2025-11-24 10:48:13+00,-6.9693385,107.6941963,679.0,54,79.21568,26.83104,38.0,29.73169,43.0,29.73169,30.0,23.78535,31.0,69.90305598610577,27305.789592963767,-1.6000000000000227,3.0119452074027196e-07,1.3252560539022114e-06,9.63822592870584e-07,5.42150191547441e-07
2025-11-24 10:48:18+00,-6.969242333,107.693546,677.2,39,51.37255,26.83104,38.0,29.73169,43.0,29.73169,30.0,23.78535,31.0,72.56806618452309,27378.35765914829,-1.7999999999999545,3.0119452074027196e-07,1.3252560539022114e-06,9.63822592870584e-07,5.42150191547441e-07
2025-11-24 10:48:23+00,-6.96913,107.6930195,676.9,37,76.47059,26.83104,38.0,29.73169,43.0,29.73169,30.0,23.78535,31.0,59.438934133815806,27437.796593282106,-0.3000000000000682,3.0119452074027196e-07,1.3252560539022114e-06,9.63822592870584e-07,5.42150191547441e-07
2025-11-24 10:48:28+00,-6.969051667,107.6925632,676.7,43,81.96078,26.83104,38.0,29.73169,43.0,29.73169,30.0,23.78535,31.0,51.111106745221846,27488.90770002733,-0.1999999999999318,3.0119452074027196e-07,1.3252560539022114e-06,9.63822592870584e-07,5.42150191547441e-07
2025-11-24 10:48:33+00,-6.969020167,107.6920322,676.2,49,77.64706,26.83104,38.0,29.73169,43.0,29.73169,30.0,23.78535,31.0,58.712930397842385,27547.620630425172,-0.5,3.0119452074027196e-07,1.3252560539022114e-06,9.63822592870584e-07,5.42150191547441e-07
2025-11-24 10:48:38+00,-6.9690575,107.6914202,676.7,51,44.31372,26.83104,38.0,29.73169,43.0,29.73169,30.0,23.78535,31.0,67.67605463521296,27615.296685060384,0.5,3.0119452074027196e-07,1.3252560539022114e-06,9.63822592870584e-07,5.42150191547441e-07
2025-11-24 10:48:43+00,-6.969107833,107.6907798,676.8,44,55.68628,26.83104,38.0,29.73169,43.0,29.73169,30.0,23.78535,31.0,70.90445213275517,27686.20113719314,0.09999999999990905,3.0119452074027196e-07,1.3252560539022114e-06,9.63822592870584e-07,5.42150191547441e-07
2025-11-24 10:48:48+00,-6.96913,107.6902097,677.3,47,70.19608,26.83104,38.0,29.73169,43.0,29.73169,30.0,23.78535,31.0,62.972211655645516,27749.173348848784,0.5,3.0119452074027196e-07,1.3252560539022114e-06,9.63822592870584e-07,5.42150191547441e-07
2025-11-24 10:48:53+00,-6.969075833,107.6896227,676.7,50,62.35294,26.83104,38.0,29.73169,43.0,29.73169,30.0,23.78535,31.0,65.06863350256441,27814.24198235135,-0.599999999999909,3.0119452074027196e-07,1.3252560539022114e-06,9.63822592870584e-07,5.42150191547441e-07
2025-11-24 10:48:58+00,-6.968959833,107.6890157,674.7,48,44.31372,26.83104,38.0,29.73169,43.0,29.73169,30.0,23.78535,31.0,68.22711570239987,27882.46909805375,-2.0,3.0119452074027196e-07,1.3252560539022114e-06,9.63822592870584e-07,5.42150191547441e-07
2025-11-24 10:49:03+00,-6.968830333,107.6884207,674.1,44,36.07843,26.83104,38.0,29.73169,43.0,29.73169,30.0,23.78535,31.0,67.23244963835953,27949.701547692108,-0.6000000000000227,3.0119452074027196e-07,1.3252560539022114e-06,9.63822592870584e-07,5.42150191547441e-07
2025-11-24 10:49:08+00,-6.968663667,107.687886,674.4,41,36.07843,26.83104,38.0,29.73169,43.0,29.73169,30.0,23.78535,31.0,61.85815437872685,28011.559702070834,0.2999999999999545,3.0119452074027196e-07,1.3252560539022114e-06,9.63822592870584e-07,5.42150191547441e-07
2025-11-24 10:49:13+00,-6.968431833,107.6874277,675.1,37,48.62745,26.83104,38.0,29.73169,43.0,29.73169,30.0,23.78535,31.0,56.77423048061102,28068.333932551446,0.7000000000000455,3.0119452074027196e-07,1.3252560539022114e-06,9.63822592870584e-07,5.42150191547441e-07
2025-11-24 10:49:18+00,-6.968117667,107.6870877,676.7,36,41.96078,26.83104,38.0,29.73169,43.0,29.73169,30.0,23.78535,31.0,51.270316293678675,28119.604248845124,1.6000000000000227,3.0119452074027196e-07,1.3252560539022114e-06,9.63822592870584e-07,5.42150191547441e-07
2025-11-24 10:49:23+00,-6.967708667,107.6868943,676.5,26,57.64706,26.83104,38.0,29.73169,43.0,29.73169,31.0,23.78535,31.0,50.239272816733674,28169.843521661856,-0.20000000000004547,3.0119452074027196e-07,1.3252560539022114e-06,9.63822592870584e-07,5.42150191547441e-07
2025-11-24 10:49:28+00,-6.967385167,107.6867955,677.3,18,46.66667,26.83104,38.0,29.73169,43.0,29.73169,31.0,23.78535,31.0,37.58822122562658,28207.431742887482,0.7999999999999545,3.0119452074027196e-07,1.3252560539022114e-06,9.63822592870584e-07,5.42150191547441e-07
2025-11-24 10:49:33+00,-6.967167833,107.6867268,678.1,8,51.76471,26.83104,38.0,29.73169,43.0,29.73169,31.0,23.78535,31.0,25.32815750482946,28232.75990039231,0.8000000000000682,3.0119452074027196e-07,1.3252560539022114e-06,9.63822592870584e-07,5.42150191547441e-07
2025-11-24 10:49:38+00,-6.9670595,107.68671,679.1,6,48.23529,26.83104,38.0,29.73169,43.0,29.73169,31.0,23.78535,31.0,12.18797812119105,28244.9478785135,1.0,3.0119452074027196e-07,1.3252560539022114e-06,9.63822592870584e-07,5.42150191547441e-07
2025-11-24 10:49:43+00,-6.9670845,107.6867535,677.9,18,89.01961,26.83104,38.0,29.73169,43.0,29.73169,31.0,23.78535,31.0,5.54796430797487,28250.495842821474,-1.2000000000000455,3.0119452074027196e-07,1.3252560539022114e-06,9.63822592870584e-07,5.42150191547441e-07
2025-11-24 10:49:48+00,-6.967263667,107.68679,677.1,29,86.27451,26.83104,38.0,29.73169,43.0,29.73169,31.0,23.78535,31.0,20.32573720389432,28270.821580025367,-0.7999999999999545,3.0119452074027196e-07,1.3252560539022114e-06,9.63822592870584e-07,5.42150191547441e-07
2025-11-24 10:49:53+00,-6.967594667,107.6868955,676.9,35,47.84314,26.83104,38.0,29.73169,43.0,29.73169,31.0,23.78535,31.0,38.603669719702694,28309.42524974507,-0.20000000000004547,3.0119452074027196e-07,1.3252560539022114e-06,9.63822592870584e-07,5.42150191547441e-07
2025-11-24 10:49:58+00,-6.967993167,107.687039,676.6,39,72.15686,26.83104,38.0,29.73169,43.0,29.73169,31.0,23.78535,31.0,47.05686657324269,28356.48211631831,-0.2999999999999545,3.0119452074027196e-07,1.3252560539022114e-06,9.63822592870584e-07,5.42150191547441e-07
2025-11-24 10:50:03+00,-6.968338667,107.6873585,677.3,42,81.17647,26.83104,38.0,29.73169,43.0,29.73169,31.0,23.78535,31.0,52.148961079250896,28408.631077397564,0.6999999999999318,3.0119452074027196e-07,1.3252560539022114e-06,9.63822592870584e-07,5.42150191547441e-07
2025-11-24 10:50:08+00,-6.968596,107.6878258,678.9,47,74.5098,26.83104,38.0,29.73169,43.0,29.73169,31.0,23.78535,31.0,58.983233223302726,28467.614310620866,1.6000000000000227,3.0119452074027196e-07,1.3252560539022114e-06,9.63822592870584e-07,5.42150191547441e-07
2025-11-24 10:50:13+00,-6.968776,107.688379,678.7,51,79.60784,26.83104,38.0,29.73169,43.0,29.73169,31.0,23.78535,31.0,64.2554999684879,28531.869810589353,-0.1999999999999318,3.0119452074027196e-07,1.3252560539022114e-06,9.63822592870584e-07,5.42150191547441e-07
2025-11-24 10:50:18+00,-6.968916833,107.6890032,679.0,50,54.11765,26.83104,38.0,29.73169,43.0,29.73169,31.0,23.78535,31.0,70.65254726594807,28602.5223578553,0.2999999999999545,3.0119452074027196e-07,1.3252560539022114e-06,9.63822592870584e-07,5.42150191547441e-07
2025-11-24 10:50:23+00,-6.969049667,107.6896305,680.2,49,52.15686,26.83104,38.0,29.73169,43.0,29.73169,31.0,23.78535,31.0,70.79531408222181,28673.317671937522,1.2000000000000455,3.0119452074027196e-07,1.3252560539022114e-06,9.63822592870584e-07,5.42150191547441e-07
2025-11-24 10:50:28+00,-6.969106667,107.6902493,679.7,47,54.5098,26.83104,38.0,29.73169,43.0,29.73169,31.0,23.78535,31.0,68.5926068621105,28741.910278799634,-0.5,3.0119452074027196e-07,1.3252560539022114e-06,9.63822592870584e-07,5.42150191547441e-07
2025-11-24 10:50:33+00,-6.969078,107.6908478,679.2,47,39.21569,26.83104,38.0,29.73169,43.0,29.73169,31.0,23.78535,31.0,66.13542965826325,28808.0457084579,-0.5,3.0119452074027196e-07,1.3252560539022114e-06,9.63822592870584e-07,5.42150191547441e-07
2025-11-24 10:50:38+00,-6.969035167,107.6914362,679.5,43,35.29412,26.83104,38.0,29.73169,43.0,29.73169,31.0,23.78535,31.0,65.11821019096891,28873.16391864887,0.2999999999999545,3.0119452074027196e-07,1.3252560539022114e-06,9.63822592870584e-07,5.42150191547441e-07
2025-11-24 10:50:43+00,-6.9690025,107.6919893,679.2,41,83.52941,26.83104,38.0,29.73169,43.0,29.73169,31.0,23.78535,31.0,61.15558719738529,28934.319505846255,-0.2999999999999545,3.0119452074027196e-07,1.3252560539022114e-06,9.63822592870584e-07,5.42150191547441e-07
2025-11-24 10:50:48+00,-6.969031,107.6925067,679.3,40,43.92157,26.83104,38.0,29.73169,43.0,29.73169,31.0,23.78535,31.0,57.19514324239572,28991.51464908865,0.09999999999990905,3.0119452074027196e-07,1.3252560539022114e-06,9.63822592870584e-07,5.42150191547441e-07
2025-11-24 10:50:53+00,-6.969120667,107.693005,680.8,36,39.60784,26.83104,38.0,29.73169,43.0,30.02176,31.0,23.78535,31.0,55.89558730964505,29047.410236398297,1.5,3.0119452074027196e-07,1.3252560539022114e-06,9.63822592870584e-07,5.42150191547441e-07
2025-11-24 10:50:58+00,-6.969218,107.693457,681.9,39,72.94118,26.83104,38.0,29.73169,43.0,30.02176,31.0,23.78535,31.0,51.0493089617266,29098.459545360023,1.1000000000000227,3.0119452074027196e-07,1.3252560539022114e-06,9.63822592870584e-07,5.42150191547441e-07
2025-11-24 10:51:03+00,-6.969303167,107.6939305,682.9,44,77.25491,26.83104,38.0,29.73169,43.0,30.02176,31.0,23.78535,31.0,53.11294697292396,29151.572492332947,1.0,3.0119452074027196e-07,1.3252560539022114e-06,9.63822592870584e-07,5.42150191547441e-07
2025-11-24 10:51:08+00,-6.969347667,107.6944712,683.0,47,71.76471,26.83104,38.0,29.73169,43.0,30.02176,31.0,23.78535,31.0,59.883728806918064,29211.456221139866,0.10000000000002274,3.0119452074027196e-07,1.3252560539022114e-06,9.63822592870584e-07,5.42150191547441e-07
2025-11-24 10:51:13+00,-6.969328333,107.69505,683.5,49,58.43137,26.83104,38.0,29.73169,43.0,30.02176,31.0,23.78535,31.0,63.920336542079774,29275.376557681946,0.5,3.0119452074027196e-07,1.3252560539022114e-06,9.63822592870584e-07,5.42150191547441e-07
2025-11-24 10:51:18+00,-6.969298833,107.6956617,683.8,47,34.11765,26.83104,38.0,29.73169,43.0,30.02176,31.0,23.78535,31.0,67.5951034043451,29342.971661086292,0.2999999999999545,3.0119452074027196e-07,1.3252560539022114e-06,9.63822592870584e-07,5.42150191547441e-07
2025-11-24 10:51:23+00,-6.969251333,107.6962572,683.2,44,34.90196,26.83104,38.0,29.73169,43.0,30.02176,31.0,23.78535,31.0,65.9392955309562,29408.91095661725,-0.599999999999909,3.0119452074027196e-07,1.3252560539022114e-06,9.63822592870584e-07,5.42150191547441e-07
2025-11-24 10:51:28+00,-6.969217167,107.696802,684.2,18,66.27451,26.83104,38.0,29.73169,43.0,30.02176,31.0,23.78535,31.0,60.25138127600549,29469.162337893253,1.0,3.0119452074027196e-07,1.3252560539022114e-06,9.63822592870584e-07,5.42150191547441e-07
2025-11-24 10:51:33+00,-6.969178167,107.6970767,684.3,6,69.41177,26.83104,38.0,29.73169,43.0,30.02176,31.0,23.78535,31.0,30.62816750588353,29499.790505399134,0.09999999999990905,3.0119452074027196e-07,1.3252560539022114e-06,9.63822592870584e-07,5.42150191547441e-07
2025-11-24 10:51:38+00,-6.969155,107.6971762,680.5,25,82.35294,26.83104,38.0,29.73169,43.0,30.02176,31.0,23.78535,31.0,11.280249650202059,29511.070755049335,-3.7999999999999545,3.0119452074027196e-07,1.3252560539022114e-06,9.63822592870584e-07,5.42150191547441e-07
2025-11-24 10:51:43+00,-6.969109333,107.6974695,678.7,36,80.78432,26.83104,38.0,29.73169,43.0,30.02176,31.0,23.78535,31.0,32.76839950884653,29543.839154558184,-1.7999999999999545,3.0119452074027196e-07,1.3252560539022114e-06,9.63822592870584e-07,5.42150191547441e-07
2025-11-24 10:51:48+00,-6.9690395,107.6978952,677.6,42,85.88235,26.83104,38.0,29.73169,43.0,30.02176,31.0,23.78535,31.0,47.62334037138706,29591.462494929572,-1.1000000000000227,3.0119452074027196e-07,1.3252560539022114e-06,9.63822592870584e-07,5.42150191547441e-07
2025-11-24 10:51:53+00,-6.968918667,107.6984075,678.7,46,80.0,26.83104,38.0,29.73169,43.0,30.02176,31.0,23.78535,31.0,58.118791462061026,29649.581286391633,1.1000000000000227,3.0119452074027196e-07,1.3252560539022114e-06,9.63822592870584e-07,5.42150191547441e-07
2025-11-24 10:51:58+00,-6.968805167,107.6989713,678.4,47,35.29412,26.83104,38.0,29.73169,43.0,30.02176,31.0,23.78535,31.0,63.495539225685356,29713.076825617318,-0.3000000000000682,3.0119452074027196e-07,1.3252560539022114e-06,9.63822592870584e-07,5.42150191547441e-07
2025-11-24 10:52:06+00,-6.9686015,107.6998802,678.9,43,41.17647,26.83104,38.0,29.73169,43.0,30.02176,31.0,23.78535,31.0,102.84306939462522,29815.919895011943,0.5,3.0119452074027196e-07,1.3252560539022114e-06,9.63822592870584e-07,5.42150191547441e-07
2025-11-24 10:52:11+00,-6.968427833,107.7003445,678.5,31,55.29412,26.83104,38.0,29.73169,43.0,30.02176,31.0,23.78535,31.0,54.76417765831606,29870.684072670258,-0.39999999999997726,3.0119452074027196e-07,1.3252560539022114e-06,9.63822592870584e-07,5.42150191547441e-07
2025-11-24 10:52:13+00,-6.968382667,107.7004703,677.4,29,88.23529,26.83104,38.0,29.73169,43.0,30.02176,31.0,23.78535,31.0,14.76537925162563,29885.449451921882,-1.1000000000000227,3.0119452074027196e-07,1.3252560539022114e-06,9.63822592870584e-07,5.42150191547441e-07
2025-11-24 10:52:21+00,-6.968201667,107.7010575,674.6,40,84.70588,26.83104,38.0,29.73169,43.0,30.02176,31.0,23.78535,31.0,67.86451978671796,29953.3139717086,-2.7999999999999545,3.0119452074027196e-07,1.3252560539022114e-06,9.63822592870584e-07,5.42150191547441e-07
2025-11-24 10:52:23+00,-6.968155333,107.7012505,671.9,45,82.74509,26.83104,38.0,29.73169,43.0,30.02176,31.0,23.78535,31.0,21.91632351463867,29975.23029522324,-2.7000000000000455,3.0119452074027196e-07,1.3252560539022114e-06,9.63822592870584e-07,5.42150191547441e-07
2025-11-24 10:52:28+00,-6.968013333,107.7017947,674.1,50,71.37255,26.83104,38.0,29.73169,43.0,30.02176,31.0,23.78535,31.0,62.10610518334278,30037.33640040658,2.2000000000000455,3.0119452074027196e-07,1.3252560539022114e-06,9.63822592870584e-07,5.42150191547441e-07
2025-11-24 10:52:33+00,-6.967847333,107.702397,674.0,51,81.96078,26.83104,38.0,29.73169,43.0,30.02176,31.0,23.78535,31.0,68.99316131728327,30106.329561723865,-0.10000000000002274,3.0119452074027196e-07,1.3252560539022114e-06,9.63822592870584e-07,5.42150191547441e-07
2025-11-24 10:52:38+00,-6.967667667,107.7030188,674.1,53,36.07843,26.83104,38.0,29.73169,43.0,30.02176,31.0,23.78535,31.0,71.4790889004252,30177.80865062429,0.10000000000002274,3.0119452074027196e-07,1.3252560539022114e-06,9.63822592870584e-07,5.42150191547441e-07
2025-11-24 10:52:43+00,-6.967433167,107.7036398,673.0,47,34.11765,26.83104,38.0,29.73169,43.0,30.02176,31.0,23.78535,31.0,73.3345147694137,30251.143165393703,-1.1000000000000227,3.0119452074027196e-07,1.3252560539022114e-06,9.63822592870584e-07,5.42150191547441e-07
2025-11-24 10:52:48+00,-6.967185833,107.704199,672.8,24,49.80392,26.83104,38.0,29.73169,43.0,30.02176,31.0,23.78535,31.0,67.57125480570602,30318.71442019941,-0.20000000000004547,3.0119452074027196e-07,1.3252560539022114e-06,9.63822592870584e-07,5.42150191547441e-07
2025-11-24 10:52:56+00,-6.966970833,107.7047117,676.0,19,58.03922,26.83104,38.0,29.73169,43.0,30.02176,31.0,23.78535,31.0,61.431502417783705,30380.145922617194,3.2000000000000455,3.0119452074027196e-07,1.3252560539022114e-06,9.63822592870584e-07,5.42150191547441e-07
2025-11-24 10:52:58+00,-6.966933833,107.7048162,674.4,28,62.35294,26.83104,38.0,29.73169,43.0,30.02176,31.0,23.78535,31.0,12.245896172826694,30392.39181879002,-1.6000000000000227,3.0119452074027196e-07,1.3252560539022114e-06,9.63822592870584e-07,5.42150191547441e-07
2025-11-24 10:53:03+00,-6.966810833,107.7051212,672.6,21,43.13726,26.83104,38.0,29.73169,43.0,30.02176,31.0,23.78535,31.0,36.33636121648388,30428.728180006503,-1.7999999999999545,3.0119452074027196e-07,1.3252560539022114e-06,9.63822592870584e-07,5.42150191547441e-07
2025-11-24 10:53:08+00,-6.9667015,107.705397,675.7,18,48.23529,26.83104,38.0,29.73169,43.0,30.02176,31.0,23.78535,31.0,32.779030926666934,30461.50721093317,3.1000000000000227,3.0119452074027196e-07,1.3252560539022114e-06,9.63822592870584e-07,5.42150191547441e-07
2025-11-24 10:53:13+00,-6.9665245,107.7055358,677.1,21,47.84314,26.83104,38.0,29.73169,43.0,30.02176,31.0,23.78535,31.0,24.941187017207433,30486.44839795038,1.3999999999999773,3.0119452074027196e-07,1.3252560539022114e-06,9.63822592870584e-07,5.42150191547441e-07
2025-11-24 10:53:18+00,-6.9662695,107.705523,678.0,24,85.09804,26.83104,38.0,29.73169,43.0,30.02176,31.0,23.78535,31.0,28.38992011564287,30514.83831806602,0.8999999999999773,3.0119452074027196e-07,1.3252560539022114e-06,9.63822592870584e-07,5.42150191547441e-07
2025-11-24 10:53:23+00,-6.966093833,107.7052992,680.8,29,38.82353,26.83104,38.0,29.73169,43.0,30.02176,31.0,23.78535,31.0,31.491691212994386,30546.330009279016,2.7999999999999545,3.0119452074027196e-07,1.3252560539022114e-06,9.63822592870584e-07,5.42150191547441e-07
2025-11-24 10:53:28+00,-6.965845667,107.7050522,681.8,24,39.60784,26.83104,38.0,29.73169,43.0,30.02176,31.0,23.78535,31.0,38.79067026835715,30585.120679547374,1.0,3.0119452074027196e-07,1.3252560539022114e-06,9.63822592870584e-07,5.42150191547441e-07
2025-11-24 10:53:33+00,-6.9655605,107.7049182,680.7,7,51.76471,26.83104,38.0,29.73169,43.0,30.02176,31.0,23.78535,31.0,34.98885797851813,30620.109537525892,-1.099999999999909,3.0119452074027196e-07,1.3252560539022114e-06,9.63822592870584e-07,5.42150191547441e-07
2025-11-24 10:53:38+00,-6.965412167,107.704858,681.3,7,65.88235,26.83104,38.0,29.73169,43.0,30.02176,31.0,23.78535,31.0,17.781974644468036,30637.89151217036,0.599999999999909,3.0119452074027196e-07,1.3252560539022114e-06,9.63822592870584e-07,5.42150191547441e-07
2025-11-24 10:53:43+00,-6.965319167,107.7048232,682.2,11,40.78431,26.83104,38.0,29.73169,43.0,30.02176,31.0,23.78535,31.0,11.031443130359502,30648.92295530072,0.900000000000091,3.0119452074027196e-07,1.3252560539022114e-06,9.63822592870584e-07,5.42150191547441e-07
2025-11-24 10:53:48+00,-6.965175167,107.7048145,682.0,21,65.88235,26.83104,38.0,29.73169,43.0,30.02176,31.0,23.78535,31.0,16.040859415092523,30664.963814715815,-0.20000000000004547,3.0119452074027196e-07,1.3252560539022114e-06,9.63822592870584e-07,5.42150191547441e-07
2025-11-24 10:53:53+00,-6.964934667,107.704812,681.7,27,42.35294,26.83104,38.0,29.73169,43.0,30.02176,31.0,23.78535,31.0,26.743840354450974,30691.707655070266,-0.2999999999999545,3.0119452074027196e-07,1.3252560539022114e-06,9.63822592870584e-07,5.42150191547441e-07
2025-11-24 10:54:01+00,-6.964443167,107.7048088,685.2,11,65.09804,26.83104,38.0,29.73169,43.0,30.02176,31.0,23.78535,31.0,54.653523220707065,30746.361178290972,3.5,3.0119452074027196e-07,1.3252560539022114e-06,9.63822592870584e-07,5.42150191547441e-07
2025-11-24 10:54:03+00,-6.964395667,107.7048105,685.6,13,62.35294,26.83104,38.0,29.73169,43.0,30.02176,31.0,23.78535,31.0,5.2850981986059065,30751.646276489577,0.39999999999997726,3.0119452074027196e-07,1.3252560539022114e-06,9.63822592870584e-07,5.42150191547441e-07
2025-11-24 10:54:08+00,-6.964256833,107.704815,685.5,18,52.15686,26.83104,38.0,29.73169,43.0,30.02176,31.0,23.78535,31.0,15.445645806133623,30767.09192229571,-0.10000000000002274,3.0119452074027196e-07,1.3252560539022114e-06,9.63822592870584e-07,5.42150191547441e-07
2025-11-24 10:54:13+00,-6.964022,107.7048442,683.6,10,50.19608,26.83104,38.0,29.73169,43.0,30.02176,31.0,23.78535,31.0,26.310420365371883,30793.40234266108,-1.8999999999999773,3.0119452074027196e-07,1.3252560539022114e-06,9.63822592870584e-07,5.42150191547441e-07
2025-11-24 10:54:18+00,-6.9638405,107.7048508,682.7,16,68.23529,26.83104,38.0,29.73169,43.0,30.02176,31.0,23.78535,31.0,20.195050041341684,30813.59739270242,-0.8999999999999773,3.0119452074027196e-07,1.3252560539022114e-06,9.63822592870584e-07,5.42150191547441e-07
2025-11-24 10:54:23+00,-6.963659833,107.7048752,680.8,17,49.80392,26.83104,38.0,29.73169,43.0,30.02176,31.0,23.78535,31.0,20.268997615031154,30833.866390317453,-1.900000000000091,3.0119452074027196e-07,1.3252560539022114e-06,9.63822592870584e-07,5.42150191547441e-07
2025-11-24 10:54:28+00,-6.963443167,107.7049193,678.2,17,68.23529,26.83104,38.0,29.73169,43.0,30.02176,31.0,23.78535,31.0,24.57898760116286,30858.445377918615,-2.599999999999909,3.0119452074027196e-07,1.3252560539022114e-06,9.63822592870584e-07,5.42150191547441e-07
2025-11-24 10:54:33+00,-6.9632555,107.7049337,677.0,9,50.58823,26.83104,38.0,29.73169,43.0,30.02176,31.0,23.78535,31.0,20.92808839732462,30879.37346631594,-1.2000000000000455,3.0119452074027196e-07,1.3252560539022114e-06,9.63822592870584e-07,5.42150191547441e-07
2025-11-24 10:54:38+00,-6.963104833,107.7049628,677.5,8,60.39216,26.83104,38.0,29.73169,43.0,30.02176,31.0,23.78535,31.0,17.058539154398744,30896.43200547034,0.5,3.0119452074027196e-07,1.3252560539022114e-06,9.63822592870584e-07,5.42150191547441e-07
2025-11-24 10:54:43+00,-6.963027667,107.7049612,676.4,13,54.11765,26.83104,38.0,29.73169,43.0,30.02176,31.0,23.78535,31.0,8.582296722881635,30905.01430219322,-1.1000000000000227,3.0119452074027196e-07,1.3252560539022114e-06,9.63822592870584e-07,5.42150191547441e-07
2025-11-24 10:54:48+00,-6.962878333,107.7049875,675.8,3,52.15686,26.83104,38.0,29.73169,43.0,30.02176,31.0,23.78535,31.0,16.857030547616805,30921.871332740837,-0.6000000000000227,3.0119452074027196e-07,1.3252560539022114e-06,9.63822592870584e-07,5.42150191547441e-07
2025-11-24 10:55:17+00,-6.962749,107.7049932,675.1,1,53.72549,26.83104,38.0,29.73169,43.0,30.02176,31.0,23.78535,31.0,14.394948253395604,30936.266280994234,-0.6999999999999318,3.0119452074027196e-07,1.3252560539022114e-06,9.63822592870584e-07,5.42150191547441e-07
2025-11-24 10:55:18+00,-6.962744833,107.7049925,674.7,2,53.72549,26.83104,38.0,29.73169,43.0,30.02176,31.0,23.78535,31.0,0.4697474078576181,30936.73602840209,-0.39999999999997726,3.0119452074027196e-07,1.3252560539022114e-06,9.63822592870584e-07,5.42150191547441e-07
2025-11-24 10:55:23+00,-6.962710167,107.704996,674.8,3,71.76471,26.83104,38.0,29.73169,43.0,30.02176,31.0,23.78535,31.0,3.8739982005775424,30940.61002660267,0.09999999999990905,3.0119452074027196e-07,1.3252560539022114e-06,9.63822592870584e-07,5.42150191547441e-07
2025-11-24 10:55:28+00,-6.962674333,107.7050003,676.2,4,56.07843,26.83104,38.0,29.73169,43.0,30.02176,31.0,23.78535,31.0,4.012731179861948,30944.62275778253,1.400000000000091,3.0119452074027196e-07,1.3252560539022114e-06,9.63822592870584e-07,5.42150191547441e-07
2025-11-24 10:55:33+00,-6.9626345,107.7050148,678.5,5,51.37255,26.83104,38.0,29.73169,43.0,30.02176,31.0,23.78535,31.0,4.7095130805652685,30949.332270863095,2.2999999999999545,3.0119452074027196e-07,1.3252560539022114e-06,9.63822592870584e-07,5.42150191547441e-07
2025-11-24 10:55:38+00,-6.962584167,107.7050218,678.1,4,52.15686,26.83104,38.0,29.73169,43.0,30.02176,31.0,23.78535,31.0,5.649860050608904,30954.982130913704,-0.39999999999997726,3.0119452074027196e-07,1.3252560539022114e-06,9.63822592870584e-07,5.42150191547441e-07
2025-11-24 10:55:43+00,-6.962517333,107.7050338,675.8,7,62.35294,26.83104,38.0,29.73169,43.0,30.02176,31.0,23.78535,31.0,7.548719075594253,30962.5308499893,-2.300000000000068,3.0119452074027196e-07,1.3252560539022114e-06,9.63822592870584e-07,5.42150191547441e-07
2025-11-24 10:55:48+00,-6.9624355,107.7050508,674.3,7,50.19608,26.83104,38.0,29.73169,43.0,30.02176,31.0,23.78535,31.0,9.290875161938304,30971.82172515124,-1.5,3.0119452074027196e-07,1.3252560539022114e-06,9.63822592870584e-07,5.42150191547441e-07
2025-11-24 10:55:53+00,-6.962349833,107.7050672,672.7,7,43.52941,26.83104,38.0,29.73169,43.0,30.02176,31.0,23.78535,31.0,9.696212816187339,30981.517937967426,-1.599999999999909,3.0119452074027196e-07,1.3252560539022114e-06,9.63822592870584e-07,5.42150191547441e-07
2025-11-24 10:55:58+00,-6.962262,107.7050763,675.6,13,56.86274,26.83104,38.0,29.73169,43.0,30.02176,31.0,23.78535,31.0,9.818109462359013,30991.336047429784,2.8999999999999773,3.0119452074027196e-07,1.3252560539022114e-06,9.63822592870584e-07,5.42150191547441e-07
2025-11-24 10:56:03+00,-6.962163333,107.7049737,678.1,15,88.62745,26.83104,38.0,29.73169,43.0,30.02176,31.0,23.78535,31.0,15.767473010222357,31007.103520440007,2.5,3.0119452074027196e-07,1.3252560539022114e-06,9.63822592870584e-07,5.42150191547441e-07
2025-11-24 10:56:08+00,-6.96204,107.7047992,679.7,25,83.13725,26.83104,38.0,29.73169,43.0,30.02176,31.0,23.78535,31.0,23.644029706761348,31030.747550146767,1.6000000000000227,3.0119452074027196e-07,1.3252560539022114e-06,9.63822592870584e-07,5.42150191547441e-07
2025-11-24 10:56:13+00,-6.961972333,107.7045147,679.9,32,74.5098,26.83104,38.0,29.73169,43.0,30.02176,31.0,23.78535,31.0,32.29061618959903,31063.038166336366,0.1999999999999318,3.0119452074027196e-07,1.3252560539022114e-06,9.63822592870584e-07,5.42150191547441e-07
2025-11-24 10:56:18+00,-6.961951833,107.7041175,679.8,33,46.66667,26.83104,38.0,29.73169,43.0,30.02176,31.0,23.78535,31.0,43.90025871830334,31106.93842505467,-0.10000000000002274,3.0119452074027196e-07,1.3252560539022114e-06,9.63822592870584e-07,5.42150191547441e-07
2025-11-24 10:56:23+00,-6.961853,107.7037063,680.1,31,43.52941,26.83104,38.0,29.73169,43.0,29.73169,30.0,23.78535,31.0,46.69786278197698,31153.636287836645,0.3000000000000682,3.0119452074027196e-07,1.3252560539022114e-06,9.63822592870584e-07,5.42150191547441e-07
2025-11-24 10:56:28+00,-6.961626333,107.7033792,680.5,24,55.68628,26.83104,38.0,29.73169,43.0,29.73169,30.0,23.78535,31.0,44.03107298106917,31197.667360817715,0.39999999999997726,3.0119452074027196e-07,1.3252560539022114e-06,9.63822592870584e-07,5.42150191547441e-07
2025-11-24 10:56:33+00,-6.961382333,107.7031357,679.9,8,50.58823,26.83104,38.0,29.73169,43.0,29.73169,30.0,23.78535,31.0,38.18984384863738,31235.857204666354,-0.6000000000000227,3.0119452074027196e-07,1.3252560539022114e-06,9.63822592870584e-07,5.42150191547441e-07
2025-11-24 10:56:38+00,-6.961260667,107.7030528,680.5,11,63.13726,26.83104,38.0,29.73169,43.0,29.73169,30.0,23.78535,31.0,16.33246227239088,31252.189666938746,0.6000000000000227,3.0119452074027196e-07,1.3252560539022114e-06,9.63822592870584e-07,5.42150191547441e-07
2025-11-24 10:56:43+00,-6.961161167,107.7029922,680.6,23,62.7451,26.83104,38.0,29.73169,43.0,29.73169,30.0,23.78535,31.0,12.928630237828843,31265.118297176574,0.10000000000002274,3.0119452074027196e-07,1.3252560539022114e-06,9.63822592870584e-07,5.42150191547441e-07
2025-11-24 10:56:48+00,-6.960923667,107.7028788,680.3,30,69.01961,26.83104,38.0,29.73169,43.0,29.73169,30.0,23.78535,31.0,29.224835741441463,31294.343132918017,-0.3000000000000682,3.0119452074027196e-07,1.3252560539022114e-06,9.63822592870584e-07,5.42150191547441e-07
2025-11-24 10:56:53+00,-6.960577833,107.702748,679.3,26,51.76471,26.83104,38.0,29.73169,43.0,29.73169,30.0,23.78535,31.0,41.07578821544246,31335.41892113346,-1.0,3.0119452074027196e-07,1.3252560539022114e-06,9.63822592870584e-07,5.42150191547441e-07
2025-11-24 10:56:58+00,-6.960249,107.7026387,679.5,23,40.78431,26.83104,38.0,29.73169,43.0,29.73169,30.0,23.78535,31.0,38.503404728695635,31373.922325862157,0.20000000000004547,3.0119452074027196e-07,1.3252560539022114e-06,9.63822592870584e-07,5.42150191547441e-07
2025-11-24 10:57:03+00,-6.959952167,107.702536,678.7,10,52.94118,26.83104,38.0,29.73169,43.0,29.73169,30.0,23.78535,31.0,34.89865024789464,31408.82097611005,-0.7999999999999545,3.0119452074027196e-07,1.3252560539022114e-06,9.63822592870584e-07,5.42150191547441e-07
2025-11-24 10:57:08+00,-6.9597985,107.7024715,678.0,11,65.09804,26.83104,38.0,29.73169,43.0,29.73169,30.0,23.78535,31.0,18.51079537462981,31427.33177148468,-0.7000000000000455,3.0119452074027196e-07,1.3252560539022114e-06,9.63822592870584e-07,5.42150191547441e-07
2025-11-24 10:57:13+00,-6.9596785,107.702424,677.5,17,57.2549,26.83104,38.0,29.73169,43.0,29.73169,30.0,23.78535,31.0,14.336458211647026,31441.66822969633,-0.5,3.0119452074027196e-07,1.3252560539022114e-06,9.63822592870584e-07,5.42150191547441e-07
2025-11-24 10:57:18+00,-6.959560833,107.7022668,678.4,21,50.19608,26.83104,38.0,29.73169,43.0,29.73169,30.0,23.78535,31.0,21.73132557938208,31463.39955527571,0.8999999999999773,3.0119452074027196e-07,1.3252560539022114e-06,9.63822592870584e-07,5.42150191547441e-07
2025-11-24 10:57:23+00,-6.9595825,107.7020128,678.2,23,54.11765,26.83104,38.0,29.73169,43.0,29.73169,30.0,23.78535,31.0,28.138780203974235,31491.538335479687,-0.1999999999999318,3.0119452074027196e-07,1.3252560539022114e-06,9.63822592870584e-07,5.42150191547441e-07
2025-11-24 10:57:28+00,-6.9596285,107.7017243,678.2,19,58.43137,26.83104,38.0,29.73169,43.0,29.73169,30.0,23.78535,31.0,32.251601405600105,31523.78993688529,0.0,3.0119452074027196e-07,1.3252560539022114e-06,9.63822592870584e-07,5.42150191547441e-07
2025-11-24 10:57:33+00,-6.9596705,107.701465,678.1,10,54.90196,26.83104,38.0,29.73169,43.0,29.73169,30.0,23.78535,31.0,28.998966467649918,31552.78890335294,-0.10000000000002274,3.0119452074027196e-07,1.3252560539022114e-06,9.63822592870584e-07,5.42150191547441e-07
2025-11-24 10:57:38+00,-6.959707333,107.7013137,678.5,7,50.98039,26.83104,38.0,29.73169,43.0,29.73169,30.0,23.78535,31.0,17.194748837935155,31569.983652190873,0.39999999999997726,3.0119452074027196e-07,1.3252560539022114e-06,9.63822592870584e-07,5.42150191547441e-07
2025-11-24 10:57:43+00,-6.959769833,107.7012502,678.9,7,45.09804,26.83104,38.0,29.73169,43.0,29.73169,30.0,23.78535,31.0,9.870275632441071,31579.853927823315,0.39999999999997726,3.0119452074027196e-07,1.3252560539022114e-06,9.63822592870584e-07,5.42150191547441e-07
2025-11-24 10:57:48+00,-6.95985,107.7012293,678.2,7,57.2549,26.83104,38.0,29.73169,43.0,29.73169,30.0,23.78535,31.0,9.207828359510305,31589.061756182826,-0.6999999999999318,3.0119452074027196e-07,1.3252560539022114e-06,9.63822592870584e-07,5.42150191547441e-07
2025-11-24 10:57:53+00,-6.959909667,107.7011528,678.6,5,54.11765,26.83104,38.0,29.73169,43.0,29.73169,30.0,23.78535,31.0,10.738515443591783,31599.800271626416,0.39999999999997726,3.0119452074027196e-07,1.3252560539022114e-06,9.63822592870584e-07,5.42150191547441e-07
2025-11-24 10:58:03+00,-6.959866,107.7011103,678.6,3,56.86274,26.83104,38.0,29.73169,43.0,29.73169,30.0,23.78535,31.0,6.751414460643552,31606.55168608706,0.0,3.0119452074027196e-07,1.3252560539022114e-06,9.63822592870584e-07,5.42150191547441e-07
2025-11-24 10:58:08+00,-6.959891667,107.7011177,678.4,1,73.33334,26.83104,38.0,29.73169,43.0,29.73169,30.0,23.78535,31.0,2.968618847559848,31609.52030493462,-0.20000000000004547,3.0119452074027196e-07,1.3252560539022114e-06,9.63822592870584e-07,5.42150191547441e-07
